Locality,Area_SqFt,BHK,Bathrooms,Property_Age_Years,Floor_Num,Total_Floors,Parking_Available,Swimming_Pool,Gym_Available,Lift_Available,Price_Lakhs
Chembur,1310,3,3,14,11,17,1,0,0,1,228.3
Borivali West,1327,3,2,3,6,11,0,0,0,1,244.07
Thane West,643,1,1,0,12,24,1,1,0,1,103.45
Chembur,635,1,1,8,2,4,1,0,0,1,124.06
Bandra West,1355,3,3,6,10,20,1,0,1,1,559.66
Juhu,1072,2,1,3,4,4,1,1,1,1,433.94
Vashi (Navi Mumbai),535,1,1,20,1,5,1,0,0,1,77.17
Bandra West,1563,3,4,16,9,37,1,0,0,1,648.68
Chembur,983,2,2,5,3,22,0,1,1,1,213.33
Chembur,577,1,1,10,8,8,1,0,0,1,111.34
Andheri West,502,1,1,4,3,5,1,1,1,1,145.37
Juhu,1523,3,4,23,1,11,1,1,0,1,517.8
Vashi (Navi Mumbai),807,2,2,11,10,27,1,1,0,1,144.43
South Mumbai,463,1,1,17,5,28,0,0,1,1,212.63
Worli,761,2,2,15,21,27,1,1,1,1,343.71
South Mumbai,878,2,2,15,16,21,1,0,1,1,437.12
Bandra West,987,2,1,12,8,8,0,1,0,1,437.84
Vashi (Navi Mumbai),631,1,2,5,26,26,1,1,0,1,118.66
South Mumbai,624,1,2,15,3,12,1,1,1,1,321.74
Juhu,440,1,2,15,2,4,1,0,0,1,162.66
Worli,978,2,2,18,5,8,1,1,1,1,365.37
Bandra West,837,2,2,25,8,19,1,1,1,1,361.94
South Mumbai,580,1,1,0,17,25,1,1,0,1,341.87
Andheri West,1456,3,4,24,21,34,1,0,0,1,320.13
Worli,1077,2,2,14,2,5,1,0,1,1,433.13
Thane West,1686,3,4,23,4,20,1,1,1,1,222.97
Bandra West,881,2,1,14,1,4,1,1,1,1,383.54
Andheri West,1019,2,2,15,5,5,1,0,1,1,213.78
Borivali West,1091,2,2,7,31,32,1,1,0,1,233.58
South Mumbai,439,1,1,13,8,28,1,1,1,1,223.97
Andheri West,896,2,2,8,25,30,1,0,0,1,234.54
Juhu,508,1,1,15,2,25,0,0,1,1,191.93
South Mumbai,989,2,2,24,28,38,1,1,1,1,491.34
South Mumbai,1692,3,3,21,11,26,1,0,0,1,691.92
Worli,554,1,1,16,10,14,0,1,1,1,238.3
Borivali West,1031,2,2,3,3,30,1,0,0,1,186.1
Chembur,1053,2,2,4,23,27,1,0,1,1,231.74
Powai,424,1,1,24,9,34,0,1,1,1,96.9
Bandra West,779,2,1,14,21,21,1,1,1,1,355.47
Chembur,2078,4,4,13,15,28,0,1,1,1,360.37
Powai,575,1,1,21,5,28,1,1,1,1,133.0
Juhu,997,2,2,8,10,28,1,0,1,1,397.75
Worli,769,2,1,1,1,26,1,0,1,1,339.31
South Mumbai,640,1,1,25,1,4,0,1,0,1,280.67
Bandra West,2732,4,4,17,3,17,1,0,0,1,1170.08
Borivali West,561,1,1,4,5,9,1,1,1,1,121.36
South Mumbai,502,1,1,5,3,6,1,1,1,1,260.53
Borivali West,1530,3,2,9,18,31,1,0,0,1,292.63
Vashi (Navi Mumbai),3178,4,5,11,1,16,0,0,1,1,466.92
Bandra West,1019,2,3,21,6,8,1,0,0,1,389.9
Juhu,567,1,1,8,2,6,1,1,1,1,253.11
Andheri West,597,1,1,11,5,16,1,1,0,1,154.27
Powai,1093,2,2,15,19,22,1,1,1,1,238.64
Chembur,994,2,2,10,17,34,1,0,1,1,203.61
Andheri West,823,2,2,7,16,21,1,0,1,1,212.07
Bandra West,1509,3,4,14,5,8,1,0,0,1,578.98
Andheri West,937,2,2,23,2,6,1,0,1,1,197.96
South Mumbai,601,1,1,3,7,8,1,0,1,1,323.23
Borivali West,771,2,1,1,23,27,1,0,0,1,166.07
Vashi (Navi Mumbai),813,2,2,21,4,5,1,0,1,1,101.89
Thane West,1499,3,2,13,8,23,1,1,1,1,208.54
Worli,524,1,1,24,1,4,0,0,0,0,182.05
Borivali West,1248,3,3,9,31,40,1,0,1,1,249.58
Vashi (Navi Mumbai),937,2,2,21,2,8,1,0,1,1,129.01
South Mumbai,997,2,2,0,4,19,1,1,1,1,605.52
Thane West,2451,4,5,5,17,27,0,1,1,1,305.8
Bandra West,1075,2,3,25,3,6,1,0,0,1,415.53
Borivali West,1650,3,3,21,3,7,1,0,0,1,266.28
Thane West,1035,2,2,8,6,18,1,1,1,1,146.8
Worli,1067,2,2,1,7,38,1,1,0,1,457.13
South Mumbai,1062,2,2,2,5,11,1,0,0,1,565.63
Thane West,1037,2,1,21,5,6,1,1,1,1,148.18
Worli,549,1,1,18,20,23,0,1,1,1,220.22
Thane West,927,2,2,0,12,35,0,1,1,1,128.93
Andheri West,803,2,2,15,13,16,0,1,1,1,196.99
Thane West,1274,3,4,22,8,20,1,0,1,1,149.44
Thane West,1202,3,3,9,11,21,1,1,1,1,176.94
Bandra West,544,1,1,0,11,11,1,0,1,1,292.1
Chembur,2642,4,4,22,8,21,1,0,0,1,406.91
Bandra West,913,2,2,8,19,34,0,1,1,1,433.09
Worli,918,2,2,19,5,6,0,1,1,1,349.17
South Mumbai,439,1,1,16,3,4,0,1,1,0,218.74
Vashi (Navi Mumbai),1307,3,3,4,3,5,1,1,0,1,195.11
Worli,421,1,1,0,4,7,1,1,1,1,205.56
Andheri West,840,2,2,14,5,9,1,1,0,1,200.24
Thane West,1284,3,4,11,32,36,1,0,0,1,171.04
Borivali West,890,2,2,16,10,16,1,0,0,1,151.94
Powai,501,1,1,18,6,6,0,1,1,1,106.48
Borivali West,558,1,1,14,21,34,0,0,0,1,94.74
Bandra West,592,1,1,21,4,16,1,0,1,1,230.35
Worli,1083,2,1,11,4,9,1,1,1,1,443.31
Vashi (Navi Mumbai),582,1,1,17,7,16,0,0,0,1,85.36
Bandra West,547,1,1,0,17,37,1,0,0,1,282.47
Borivali West,1015,2,2,15,18,40,1,0,1,1,177.44
Thane West,576,1,2,3,7,22,0,1,0,1,88.86
Juhu,1391,3,4,0,3,23,1,1,1,1,622.29
Borivali West,891,2,2,20,13,21,1,1,1,1,162.67
Bandra West,402,1,1,0,4,4,1,1,1,1,224.18
Vashi (Navi Mumbai),932,2,2,0,18,18,1,0,0,1,145.34
Borivali West,639,1,1,5,7,23,1,1,0,1,126.97
Worli,647,1,1,24,21,26,1,0,0,1,245.11
Thane West,1410,3,2,25,35,36,1,1,0,1,177.36
Bandra West,1617,3,2,20,8,8,1,0,1,1,608.39
Borivali West,432,1,2,24,9,35,0,1,1,1,88.43
Worli,880,2,2,18,6,19,1,0,1,1,341.18
Bandra West,1408,3,3,13,6,9,1,1,0,1,613.68
Vashi (Navi Mumbai),833,2,3,1,28,28,1,1,1,1,157.45
Chembur,604,1,2,12,4,4,0,0,0,1,100.09
Worli,938,2,2,1,10,30,1,1,1,1,456.94
Powai,1612,3,2,6,22,28,1,1,0,1,360.29
Borivali West,617,1,2,25,3,30,1,0,0,1,98.35
Bandra West,400,1,1,11,35,38,1,0,1,1,199.43
Juhu,1663,3,3,1,28,35,1,1,1,1,675.21
Thane West,1337,3,3,0,12,26,1,1,1,1,202.33
Vashi (Navi Mumbai),1665,3,3,21,3,30,1,0,1,1,234.07
Juhu,820,2,2,0,21,23,1,1,1,1,409.53
South Mumbai,418,1,1,11,11,23,1,1,1,1,227.75
Borivali West,425,1,1,0,1,18,1,0,0,1,85.5
Worli,1058,2,1,21,7,13,0,1,1,1,395.03
Chembur,1083,2,1,23,9,23,0,0,1,1,182.05
Borivali West,1575,3,3,15,11,19,1,0,1,1,291.22
Vashi (Navi Mumbai),509,1,1,14,25,26,1,0,1,1,83.77
Juhu,1055,2,2,0,6,7,1,0,1,1,450.32
Thane West,827,2,2,3,30,34,1,1,1,1,139.56
Andheri West,879,2,3,0,32,35,1,0,0,1,259.3
Juhu,846,2,2,23,5,8,1,1,0,1,322.67
Thane West,1068,2,1,4,37,39,1,1,0,1,162.72
Borivali West,981,2,1,16,2,11,1,0,0,1,168.64
Borivali West,832,2,2,22,16,17,1,0,1,1,133.52
South Mumbai,489,1,1,15,12,13,1,1,1,1,252.16
Powai,427,1,1,0,20,20,0,1,1,1,121.61
Thane West,917,2,2,0,9,12,1,0,1,1,135.88
Chembur,798,2,1,6,10,28,1,0,0,1,151.5
Powai,1306,3,3,21,10,38,0,1,1,1,260.03
Borivali West,1267,3,3,23,16,23,1,0,0,1,192.11
Powai,1053,2,3,19,1,5,0,1,1,1,204.51
Juhu,1032,2,2,20,11,16,1,0,1,1,387.9
Thane West,993,2,2,10,1,8,1,0,1,1,124.42
Borivali West,966,2,2,8,2,35,1,0,0,1,160.79
Andheri West,519,1,1,13,12,30,1,0,0,1,117.22
Chembur,1242,3,4,16,4,14,1,0,0,1,196.42
Juhu,1075,2,2,14,2,5,1,1,1,1,406.24
Chembur,813,2,2,17,2,6,1,1,0,1,154.46
Chembur,930,2,2,20,24,25,1,1,1,1,160.21
South Mumbai,595,1,1,21,10,16,1,1,0,1,265.42
South Mumbai,1051,2,2,0,3,4,1,1,0,0,560.14
Vashi (Navi Mumbai),1095,2,1,17,6,15,1,1,0,1,170.23
Juhu,952,2,2,0,1,5,1,1,0,1,403.65
Powai,774,2,2,0,27,32,1,1,1,1,197.65
Thane West,984,2,3,16,2,22,1,0,1,1,129.16
Thane West,2245,4,4,3,16,21,0,0,1,1,272.98
Chembur,803,2,3,23,21,21,0,0,1,1,135.27
South Mumbai,927,2,1,0,2,6,1,0,1,1,500.39
Bandra West,906,2,2,12,15,37,1,1,0,1,369.77
South Mumbai,604,1,1,22,6,35,0,0,1,1,257.71
Juhu,1076,2,2,11,1,11,1,1,0,1,407.55
Bandra West,3155,4,4,1,4,18,0,1,1,1,1472.26
Juhu,786,2,2,4,23,24,1,0,1,1,351.69
Thane West,521,1,1,15,7,11,0,0,0,1,61.04
South Mumbai,1098,2,3,15,4,11,1,1,1,1,517.76
Andheri West,1469,3,2,8,14,16,1,0,1,1,363.1
Andheri West,464,1,1,2,1,21,0,1,1,1,132.64
Andheri West,1775,3,3,1,21,21,1,0,0,1,467.16
Worli,881,2,2,10,13,31,0,0,1,1,352.06
Vashi (Navi Mumbai),903,2,2,21,4,4,1,0,0,1,111.25
South Mumbai,529,1,1,18,5,20,0,0,1,1,235.0
South Mumbai,417,1,1,24,26,29,1,1,1,1,201.54
Andheri West,1017,2,2,0,4,5,1,1,0,1,255.06
Vashi (Navi Mumbai),821,2,1,15,9,31,1,0,1,1,119.16
Borivali West,521,1,2,12,2,24,0,0,1,1,90.41
Chembur,493,1,1,9,4,7,0,0,0,1,89.46
Bandra West,860,2,3,5,21,21,1,0,1,1,430.62
Borivali West,813,2,1,7,25,30,1,0,0,1,156.67
Worli,526,1,2,18,1,21,1,0,1,1,201.25
Chembur,1056,2,2,2,8,22,1,1,1,1,227.75
Thane West,858,2,2,20,2,24,1,1,1,1,114.14
Powai,1703,3,4,0,21,30,1,1,1,1,433.03
Andheri West,496,1,1,19,2,8,0,0,1,1,107.6
Andheri West,441,1,1,8,7,15,1,1,0,1,136.1
Juhu,521,1,1,14,3,4,1,0,0,0,209.01
Thane West,1026,2,2,10,1,6,1,0,0,1,139.97
Vashi (Navi Mumbai),1585,3,3,15,27,31,1,1,1,1,248.51
Chembur,955,2,1,8,11,12,0,1,0,1,174.81
Andheri West,613,1,1,8,17,18,1,1,1,1,179.34
Thane West,581,1,1,10,6,29,0,0,0,1,74.18
Vashi (Navi Mumbai),2096,4,3,6,3,9,1,1,1,1,321.99
Powai,1045,2,2,2,20,34,1,1,1,1,274.89
Powai,1213,3,3,24,7,22,1,1,1,1,238.48
Vashi (Navi Mumbai),1092,2,1,18,1,7,1,1,1,1,157.37
Worli,896,2,1,17,2,21,1,1,1,1,353.01
South Mumbai,778,2,2,11,2,7,1,0,0,1,369.0
Chembur,771,2,2,20,17,17,1,0,0,1,142.03
Juhu,1511,3,3,22,28,35,1,1,1,1,557.46
Worli,515,1,2,13,6,19,0,1,1,1,237.73
Bandra West,818,2,1,0,9,13,1,1,1,1,435.41
Borivali West,906,2,2,2,13,24,1,0,1,1,180.44
South Mumbai,761,2,2,18,4,33,1,1,1,1,361.3
Chembur,2584,4,5,16,4,25,1,1,1,1,434.49
Andheri West,934,2,2,22,5,5,1,0,0,1,200.26
Vashi (Navi Mumbai),922,2,3,7,5,7,0,0,1,1,142.15
Bandra West,486,1,1,19,16,26,1,1,1,1,212.12
South Mumbai,569,1,1,17,1,5,1,1,0,1,276.64
Bandra West,929,2,2,4,1,4,1,1,0,1,438.75
Powai,946,2,1,10,4,17,1,0,1,1,213.9
Juhu,505,1,1,25,1,6,0,1,1,1,194.1
Bandra West,1267,3,3,13,1,5,0,0,0,1,497.96
Andheri West,474,1,1,0,8,36,1,0,0,1,138.39
Bandra West,597,1,1,16,5,9,1,0,0,1,242.93
Vashi (Navi Mumbai),1040,2,3,14,15,20,0,1,1,1,158.38
Juhu,962,2,2,14,4,28,1,0,0,1,339.05
Bandra West,1082,2,2,18,6,19,0,0,0,1,407.33
Borivali West,517,1,1,11,14,24,1,0,0,1,96.56
Powai,1229,3,4,21,7,10,1,1,1,1,249.47
Vashi (Navi Mumbai),1370,3,4,12,13,35,1,0,1,1,200.23
South Mumbai,1005,2,3,16,1,9,1,1,1,1,471.03
Worli,566,1,2,16,4,5,1,1,1,1,231.6
Bandra West,1079,2,2,17,11,13,1,1,0,1,465.14
Andheri West,1239,3,3,2,2,4,1,0,0,1,299.34
Andheri West,539,1,1,18,21,26,1,0,1,1,127.21
Thane West,829,2,2,10,9,23,1,0,1,1,110.54
Thane West,759,2,2,12,5,20,1,0,1,1,104.4
Thane West,972,2,2,0,1,15,0,1,1,1,150.73
Juhu,945,2,1,2,30,39,0,1,1,1,410.01
Powai,1448,3,3,6,5,6,1,1,1,1,326.83
Thane West,915,2,2,25,13,21,1,0,0,1,109.6
Worli,461,1,2,8,21,33,0,0,1,1,206.36
Chembur,807,2,2,25,2,7,1,0,1,1,141.5
Vashi (Navi Mumbai),1476,3,3,2,19,34,0,1,1,1,255.17
Powai,1054,2,1,20,1,6,1,1,0,1,199.97
Juhu,1553,3,3,6,8,8,1,1,1,1,628.34
Bandra West,1052,2,3,9,4,33,1,0,1,1,431.87
Borivali West,620,1,1,12,23,25,0,0,1,1,117.51
Bandra West,797,2,2,8,24,32,1,1,1,1,402.23
Andheri West,634,1,2,20,35,36,1,0,0,1,135.79
Juhu,773,2,2,1,13,32,1,0,0,1,338.25
South Mumbai,1028,2,2,0,5,5,1,0,1,1,571.24
Bandra West,1757,3,3,23,5,12,1,1,0,1,731.45
South Mumbai,1053,2,2,21,20,21,1,0,1,1,469.74
Juhu,851,2,2,1,8,37,1,1,0,1,378.53
Vashi (Navi Mumbai),861,2,1,12,4,4,1,1,1,1,136.57
Powai,585,1,1,1,3,13,1,1,1,1,144.8
Borivali West,2125,4,4,11,11,14,1,0,0,1,347.81
Andheri West,983,2,3,19,25,38,1,0,1,1,219.5
Andheri West,884,2,3,11,6,6,1,0,1,1,215.03
Worli,895,2,2,8,22,35,1,1,1,1,391.44
Chembur,584,1,2,0,22,27,0,1,0,1,128.91
Bandra West,1038,2,2,13,2,5,0,0,0,1,414.3
Powai,958,2,1,11,26,39,1,1,1,1,197.47
South Mumbai,1091,2,1,0,30,31,1,0,1,1,583.75
Chembur,871,2,2,0,4,11,1,1,1,1,186.69
Borivali West,1668,3,3,9,3,11,1,1,1,1,296.93
Thane West,1096,2,2,12,11,26,1,0,1,1,145.29
Thane West,435,1,1,19,11,23,1,1,1,1,77.62
South Mumbai,1071,2,2,11,26,36,0,0,1,1,501.71
Borivali West,639,1,1,4,14,19,0,0,1,1,136.54
Bandra West,511,1,1,0,11,34,1,1,0,1,240.23
Powai,559,1,1,9,12,38,0,1,1,1,136.18
Thane West,607,1,1,8,11,28,1,1,1,1,100.23
Thane West,1001,2,2,16,20,26,1,1,1,1,147.34
Thane West,1227,3,4,3,16,20,0,1,0,1,175.5
Bandra West,1200,3,4,2,34,40,1,0,1,1,550.13
Andheri West,414,1,1,5,13,24,0,0,0,1,96.98
Juhu,1741,3,4,25,3,4,1,0,0,0,568.44
Juhu,902,2,2,12,19,30,0,1,1,1,369.89
Thane West,1451,3,3,11,13,19,1,0,1,1,188.61
Vashi (Navi Mumbai),853,2,3,11,3,5,1,0,1,1,133.49
Borivali West,1038,2,2,11,4,4,1,0,1,0,174.81
Thane West,450,1,1,10,22,35,1,1,0,1,77.75
Juhu,1046,2,2,6,9,12,1,0,0,1,405.49
Powai,956,2,2,0,10,21,0,1,1,1,232.37
South Mumbai,2059,4,4,14,9,10,0,1,1,1,905.87
South Mumbai,1696,3,3,18,1,18,0,0,1,1,752.4
Vashi (Navi Mumbai),601,1,1,7,4,12,0,0,1,1,91.5
South Mumbai,918,2,2,8,19,37,1,0,1,1,509.36
South Mumbai,2612,4,4,17,33,33,1,0,1,1,1250.09
Bandra West,2317,4,5,20,12,27,1,1,1,1,921.53
Andheri West,478,1,2,21,18,40,0,0,0,1,100.93
Andheri West,967,2,2,18,6,15,1,0,0,1,211.68
Vashi (Navi Mumbai),866,2,1,8,13,38,1,1,0,1,149.34
Borivali West,2455,4,5,23,2,4,1,1,0,0,384.64
Vashi (Navi Mumbai),996,2,2,7,11,15,1,1,1,1,180.33
Powai,2845,4,3,0,27,38,1,1,1,1,746.33
Bandra West,843,2,1,25,9,9,1,1,0,1,343.05
Juhu,1263,3,2,24,16,29,0,1,1,1,417.93
Vashi (Navi Mumbai),556,1,1,24,19,21,1,0,1,1,89.56
Powai,402,1,1,0,25,30,1,1,1,1,116.27
Vashi (Navi Mumbai),1098,2,2,13,18,26,1,0,0,1,162.83
South Mumbai,467,1,1,0,3,17,0,1,1,1,273.22
Chembur,1683,3,4,24,14,21,1,0,0,1,272.14
Powai,1400,3,4,23,18,35,1,1,1,1,301.72
Powai,904,2,2,24,2,5,1,1,1,1,191.46
Chembur,522,1,2,1,14,30,0,0,1,1,103.44
Andheri West,417,1,1,16,20,35,1,1,0,1,113.04
Thane West,874,2,2,21,23,32,1,1,1,1,128.16
Thane West,845,2,2,7,6,36,1,1,0,1,128.55
South Mumbai,911,2,2,0,5,10,1,1,1,1,521.88
Chembur,1009,2,3,12,30,32,1,0,0,1,183.15
Bandra West,529,1,1,5,3,5,0,1,1,1,237.89
Vashi (Navi Mumbai),900,2,2,17,1,28,1,0,1,1,127.2
South Mumbai,1076,2,2,25,13,20,1,1,0,1,489.32
South Mumbai,3087,4,4,22,3,27,1,1,1,1,1338.45
South Mumbai,1055,2,2,1,7,10,1,0,1,1,604.44
Bandra West,502,1,1,0,2,10,0,1,0,1,251.41
Juhu,775,2,2,20,16,16,1,0,1,1,287.02
Bandra West,880,2,1,8,11,18,1,1,0,1,421.06
South Mumbai,971,2,1,1,4,4,1,1,1,1,501.79
Chembur,1015,2,1,3,27,28,1,0,1,1,218.33
Chembur,901,2,2,21,10,21,1,0,1,1,159.41
Borivali West,814,2,2,22,10,35,1,0,0,1,124.91
Thane West,1085,2,2,13,3,21,1,1,1,1,163.21
Andheri West,826,2,2,5,15,26,1,0,1,1,226.55
Juhu,901,2,1,5,1,4,1,1,1,1,391.86
Powai,820,2,2,18,13,16,1,1,1,1,178.28
Juhu,1760,3,4,16,3,4,1,1,0,0,629.68
Juhu,1709,3,3,0,5,5,1,0,1,1,760.8
Chembur,1571,3,3,15,10,35,1,0,1,1,282.86
Bandra West,997,2,2,4,11,23,1,0,1,1,483.14
Vashi (Navi Mumbai),1082,2,3,8,23,35,1,1,0,1,185.3
Vashi (Navi Mumbai),846,2,1,15,15,23,1,0,1,1,132.79
Worli,594,1,1,17,20,34,1,1,1,1,252.82
Worli,846,2,3,14,8,23,1,1,0,1,352.39
Juhu,1729,3,3,4,27,35,1,0,1,1,725.54
Bandra West,454,1,1,14,15,24,1,0,0,1,200.38
Bandra West,1026,2,2,2,18,18,1,0,0,1,508.23
Andheri West,1094,2,1,1,3,4,1,0,0,1,276.93
South Mumbai,855,2,3,2,18,36,1,1,0,1,459.46
Chembur,607,1,1,15,6,7,1,0,0,1,108.24
Thane West,1234,3,3,10,16,29,1,1,1,1,186.46
Thane West,938,2,3,25,20,36,0,1,1,1,125.9
Powai,1416,3,4,9,4,12,1,1,1,1,346.16
South Mumbai,1506,3,3,12,4,35,1,1,1,1,701.09
Borivali West,469,1,1,3,22,33,1,0,0,1,94.43
Vashi (Navi Mumbai),1351,3,4,23,11,12,1,1,0,1,184.41
Andheri West,1349,3,3,0,20,35,1,0,0,1,370.85
South Mumbai,782,2,2,23,2,4,1,1,1,1,368.1
Powai,958,2,3,19,14,15,1,1,1,1,223.58
Chembur,829,2,2,11,21,31,0,0,0,1,156.92
South Mumbai,1652,3,3,7,13,18,0,1,0,1,840.18
South Mumbai,819,2,1,14,1,26,1,1,1,1,392.97
Worli,1012,2,2,0,3,10,1,0,1,1,476.19
Borivali West,1359,3,3,17,2,11,1,0,0,1,222.84
Juhu,2014,4,4,17,14,24,1,0,0,1,712.4
Borivali West,841,2,2,21,8,38,1,0,0,1,130.64
Borivali West,802,2,3,10,10,19,1,0,0,1,140.84
Bandra West,1690,3,3,0,4,4,1,1,1,0,849.35
Juhu,991,2,2,3,2,7,1,1,1,1,409.66
Andheri West,936,2,2,11,4,11,1,1,1,1,224.36
Chembur,1076,2,3,13,3,26,1,0,1,1,185.37
Borivali West,1680,3,2,14,13,18,1,0,1,1,297.37
Bandra West,936,2,1,3,22,22,1,1,0,1,486.43
Thane West,871,2,1,0,23,27,1,1,1,1,150.79
Thane West,1692,3,3,7,1,13,1,0,0,1,208.73
South Mumbai,1069,2,2,3,6,6,1,1,0,1,548.71
Chembur,761,2,2,9,2,7,1,0,1,1,150.09
Chembur,790,2,2,24,17,26,1,0,1,1,137.73
Chembur,426,1,1,9,14,27,0,0,0,1,72.35
Borivali West,606,1,1,9,5,7,1,0,0,1,114.7
Chembur,1749,3,3,15,10,15,1,0,1,1,303.82
Chembur,1038,2,1,21,14,21,0,1,0,1,166.45
Thane West,857,2,2,7,3,4,1,1,1,1,130.14
South Mumbai,871,2,2,20,20,38,1,1,1,1,399.55
Worli,634,1,1,15,7,8,1,1,1,1,249.78
Worli,504,1,1,23,2,5,0,1,0,1,188.43
Thane West,405,1,2,25,6,6,1,1,1,1,68.07
Powai,505,1,1,22,16,29,0,1,1,1,113.31
Juhu,2761,4,4,17,7,9,0,1,0,1,932.93
South Mumbai,479,1,1,0,4,5,1,0,1,1,231.27
Bandra West,992,2,2,4,5,8,1,0,0,1,441.49
Powai,892,2,1,2,30,33,1,1,1,1,218.07
Powai,859,2,1,1,20,25,1,1,1,1,232.93
Juhu,411,1,1,13,4,5,0,0,1,1,161.86
Bandra West,3075,4,4,10,24,24,1,1,0,1,1485.43
Andheri West,847,2,1,0,15,24,1,0,1,1,243.76
Worli,929,2,1,6,3,5,1,1,1,1,399.77
South Mumbai,1659,3,2,0,12,14,1,0,1,1,949.77
Vashi (Navi Mumbai),837,2,2,4,2,6,0,1,0,1,127.5
Thane West,893,2,1,0,2,24,1,1,1,1,153.5
Powai,565,1,2,0,28,36,0,0,1,1,144.86
Andheri West,869,2,3,9,4,6,1,1,1,1,235.61
Juhu,1377,3,2,5,4,8,1,0,1,1,540.96
Powai,1065,2,3,1,4,6,1,1,1,1,268.97
Chembur,1022,2,1,0,17,28,1,0,0,1,209.25
Borivali West,1694,3,4,13,31,32,1,0,0,1,287.37
Juhu,420,1,2,25,6,15,1,1,1,1,168.45
South Mumbai,916,2,2,11,8,35,1,0,1,1,451.09
Juhu,1013,2,3,12,13,29,1,1,1,1,385.66
Juhu,1028,2,2,4,16,21,1,0,0,1,447.26
Chembur,2663,4,3,0,6,10,1,0,0,1,544.94
Juhu,964,2,3,20,22,23,1,0,1,1,340.28
Bandra West,1212,3,3,0,22,31,1,1,1,1,642.18
South Mumbai,857,2,2,13,18,32,1,1,1,1,426.28
Juhu,415,1,1,1,4,6,1,0,1,1,181.32
Bandra West,553,1,1,10,7,15,1,1,0,1,252.31
Vashi (Navi Mumbai),953,2,2,7,5,6,1,0,1,1,146.62
Powai,538,1,1,22,19,22,0,1,1,1,114.67
Bandra West,508,1,1,0,26,38,1,1,0,1,269.72
Powai,970,2,3,19,7,10,1,1,1,1,192.92
Borivali West,1481,3,3,25,2,4,1,1,0,1,219.05
Vashi (Navi Mumbai),1207,3,3,13,2,13,1,0,0,1,176.4
Powai,510,1,1,21,18,33,0,1,0,1,108.7
Worli,1578,3,3,14,16,16,1,0,1,1,649.51
Thane West,414,1,1,19,10,20,1,0,1,1,60.97
Bandra West,450,1,1,0,13,15,1,1,0,1,239.5
Bandra West,417,1,1,13,14,35,1,0,0,1,170.49
Powai,1741,3,3,10,8,12,1,0,1,1,347.83
Vashi (Navi Mumbai),572,1,1,0,14,37,0,1,0,1,103.3
Bandra West,1018,2,2,16,4,23,1,0,1,1,443.0
Chembur,832,2,1,3,2,32,1,0,0,1,169.85
Worli,976,2,3,7,14,27,1,0,1,1,435.04
Chembur,448,1,2,5,1,29,1,1,1,1,109.73
South Mumbai,3246,4,4,10,23,27,1,0,1,1,1488.14
Andheri West,2291,4,4,16,13,18,1,0,0,1,556.43
Vashi (Navi Mumbai),478,1,1,0,7,33,1,1,0,1,98.26
Andheri West,963,2,2,1,5,9,0,1,0,1,273.62
Thane West,524,1,1,18,2,4,0,1,0,0,65.14
Bandra West,1317,3,2,22,16,22,1,1,1,1,526.9
Powai,1543,3,2,5,7,7,1,1,1,1,340.59
Vashi (Navi Mumbai),421,1,1,12,4,8,0,0,1,1,64.99
Juhu,984,2,2,24,3,4,1,1,1,1,352.72
Juhu,3008,4,4,22,2,4,0,0,1,0,995.96
Thane West,1500,3,3,4,20,30,1,1,1,1,235.9
Andheri West,1382,3,3,19,18,27,1,0,0,1,308.58
Vashi (Navi Mumbai),951,2,2,12,2,11,1,0,1,1,149.22
Borivali West,1677,3,3,19,3,6,1,0,0,1,256.03
Vashi (Navi Mumbai),1360,3,4,0,19,23,1,0,1,1,235.36
Vashi (Navi Mumbai),1258,3,4,7,3,5,1,0,0,1,191.11
Bandra West,401,1,1,0,7,27,1,1,1,1,224.28
Vashi (Navi Mumbai),2836,4,3,16,3,24,1,0,1,1,369.78
Powai,448,1,2,17,4,25,1,1,1,1,107.75
South Mumbai,798,2,2,6,6,12,1,1,0,1,378.94
Bandra West,1052,2,1,25,20,23,1,1,0,1,403.84
Worli,515,1,1,1,14,16,1,0,0,1,233.17
Vashi (Navi Mumbai),895,2,2,20,2,7,1,0,1,1,129.2
Andheri West,1011,2,2,21,3,9,0,0,0,1,197.55
Vashi (Navi Mumbai),538,1,1,6,29,33,0,0,1,1,88.38
Borivali West,834,2,1,18,10,28,0,0,1,1,139.23
Worli,447,1,1,9,13,32,1,1,1,1,215.32
Powai,594,1,1,25,10,18,1,1,1,1,139.68
Juhu,3200,4,3,17,11,13,1,1,0,1,1096.9
Powai,851,2,2,8,20,35,1,1,1,1,208.64
South Mumbai,2084,4,4,6,9,12,1,1,1,1,1046.22
Worli,1314,3,4,13,3,5,1,1,0,1,497.67
Powai,527,1,1,24,23,37,1,1,1,1,123.3
Bandra West,817,2,2,21,9,26,1,0,1,1,346.93
Powai,1332,3,2,24,7,8,1,1,0,1,252.83
Vashi (Navi Mumbai),926,2,3,12,16,24,1,0,1,1,136.44
Chembur,907,2,2,18,31,33,1,0,0,1,167.75
Chembur,1038,2,2,13,1,8,1,0,0,1,170.89
Borivali West,934,2,2,18,3,7,1,0,0,1,146.66
Chembur,775,2,2,21,16,29,1,0,0,1,137.48
Borivali West,535,1,1,21,12,15,0,0,1,1,92.41
Andheri West,848,2,1,22,20,29,1,0,0,1,180.8
South Mumbai,400,1,1,14,12,23,0,0,1,1,199.96
Juhu,991,2,2,15,3,33,1,1,1,1,362.15
South Mumbai,859,2,2,20,8,33,1,1,1,1,405.37
Powai,767,2,2,16,7,17,1,1,1,1,179.12
Vashi (Navi Mumbai),428,1,1,11,4,4,0,1,1,1,75.03
Thane West,997,2,2,10,4,6,1,0,0,1,112.78
Chembur,565,1,2,13,3,7,1,0,1,1,109.15
Bandra West,976,2,1,23,4,6,1,1,0,1,400.99
Borivali West,1049,2,2,22,3,5,1,0,1,1,174.28
Vashi (Navi Mumbai),818,2,2,0,11,12,1,1,1,1,163.32
Chembur,3006,4,5,12,9,9,1,0,1,1,517.78
Chembur,808,2,2,15,5,39,0,0,1,1,149.16
Powai,566,1,1,14,8,19,0,0,1,1,115.63
Juhu,509,1,1,10,5,10,0,0,1,1,203.58
Chembur,864,2,2,0,12,18,1,0,0,1,176.84
Bandra West,643,1,1,15,8,8,1,1,1,1,282.55
Juhu,1343,3,2,12,10,31,1,0,0,1,531.69
Worli,498,1,1,22,2,13,0,1,0,1,190.08
Andheri West,591,1,2,25,13,35,1,0,1,1,130.69
Chembur,442,1,1,9,2,6,1,0,0,1,76.25
Bandra West,1048,2,2,12,3,5,1,1,1,1,474.99
Chembur,1018,2,2,22,10,26,1,0,0,1,166.85
Thane West,984,2,2,6,4,25,1,1,0,1,141.5
Andheri West,801,2,3,4,6,6,1,0,1,1,210.31
Andheri West,753,2,2,6,1,4,1,0,1,1,184.37
Thane West,969,2,2,15,10,37,0,0,1,1,125.34
Bandra West,450,1,2,23,4,4,1,1,1,1,192.85
Bandra West,978,2,2,14,13,19,1,0,1,1,424.16
Juhu,518,1,1,8,11,15,1,1,1,1,239.66
Chembur,572,1,1,0,8,14,0,0,1,1,112.54
South Mumbai,953,2,2,22,12,17,1,1,1,1,423.32
Andheri West,1057,2,2,21,15,22,1,0,0,1,229.19
South Mumbai,1050,2,2,3,4,6,1,1,0,1,581.01
Chembur,2679,4,3,22,6,17,1,1,0,1,430.1
South Mumbai,848,2,1,0,1,4,0,1,1,0,421.69
Worli,590,1,2,10,12,21,0,1,1,1,258.28
Thane West,1080,2,1,24,1,5,1,0,1,1,123.58
South Mumbai,2076,4,4,0,7,7,1,0,0,1,1042.93
Worli,1088,2,3,7,9,22,0,1,1,1,478.11
South Mumbai,533,1,1,19,2,8,0,1,1,1,251.67
Juhu,413,1,1,0,29,34,0,1,1,1,201.47
Worli,1020,2,1,8,12,13,1,0,1,1,452.94
Bandra West,869,2,3,4,1,8,1,0,0,1,395.72
Worli,1055,2,2,10,34,37,1,0,1,1,430.14
Vashi (Navi Mumbai),1346,3,4,24,4,8,1,1,0,1,180.01
Juhu,426,1,2,2,12,30,1,1,0,1,191.48
Chembur,905,2,2,25,6,8,0,1,0,1,150.84
Worli,1008,2,2,21,2,4,1,1,1,1,383.78
Bandra West,449,1,1,15,4,21,0,1,0,1,199.49
Vashi (Navi Mumbai),491,1,1,25,3,39,1,0,1,1,79.4
Bandra West,526,1,1,22,27,34,1,0,0,1,207.06
Thane West,797,2,3,20,5,40,1,1,0,1,109.91
Andheri West,936,2,2,9,16,16,1,0,0,1,246.74
Borivali West,1000,2,2,0,13,17,1,0,0,1,200.98
Vashi (Navi Mumbai),511,1,1,6,6,17,1,0,1,1,92.99
Vashi (Navi Mumbai),763,2,2,19,2,9,1,0,1,1,113.06
Andheri West,1499,3,3,5,12,16,1,0,0,1,342.15
Andheri West,1053,2,3,15,2,5,1,0,0,1,256.34
Andheri West,496,1,2,25,16,17,0,1,0,1,112.27
Juhu,1026,2,2,16,11,40,1,1,1,1,409.53
Worli,605,1,1,16,4,6,1,1,1,1,251.3
Worli,548,1,2,22,6,18,1,1,1,1,221.84
Powai,1402,3,4,25,26,26,1,1,1,1,278.78
South Mumbai,434,1,1,25,21,40,1,1,1,1,204.26
Powai,1726,3,3,13,5,7,1,1,0,1,355.18
Worli,941,2,1,19,16,23,1,0,1,1,396.09
Chembur,1044,2,1,0,14,22,1,0,0,1,201.01
Borivali West,986,2,2,8,6,6,1,1,1,1,188.79
Chembur,814,2,1,20,6,23,1,0,1,1,146.34
Juhu,1371,3,3,6,30,39,1,1,1,1,608.6
Borivali West,523,1,2,4,3,6,1,0,0,1,97.63
Vashi (Navi Mumbai),1041,2,2,23,13,37,1,0,0,1,143.81
Thane West,608,1,1,5,33,35,0,1,1,1,103.31
South Mumbai,774,2,3,7,16,22,1,1,0,1,412.35
Powai,1006,2,3,13,4,5,1,1,1,1,241.22
Chembur,425,1,1,10,19,20,1,1,0,1,101.68
Juhu,516,1,1,4,3,6,1,0,1,1,217.93
Chembur,419,1,1,0,11,17,0,1,1,1,107.28
South Mumbai,1056,2,2,0,1,7,1,1,0,1,609.45
Vashi (Navi Mumbai),624,1,2,25,18,35,1,0,0,1,82.53
Vashi (Navi Mumbai),466,1,1,25,34,37,1,0,1,1,73.96
Bandra West,465,1,1,9,4,16,1,0,1,1,211.68
Chembur,404,1,1,16,15,29,1,0,1,1,90.15
Borivali West,490,1,1,0,7,13,0,0,1,1,97.98
Borivali West,1028,2,2,22,2,15,1,1,0,1,169.88
Powai,512,1,1,3,2,24,0,1,1,1,131.28
Vashi (Navi Mumbai),870,2,1,17,32,38,1,0,1,1,130.69
Vashi (Navi Mumbai),619,1,1,25,12,14,0,0,0,1,80.71
South Mumbai,840,2,3,16,11,17,1,0,1,1,399.4
South Mumbai,472,1,2,23,2,4,1,0,1,1,231.61
Thane West,1401,3,4,13,22,25,1,1,0,1,189.19
Thane West,1332,3,2,9,34,37,0,0,0,1,175.07
Powai,970,2,2,10,5,11,1,1,1,1,217.38
Vashi (Navi Mumbai),836,2,3,9,23,29,1,1,1,1,147.26
Thane West,1419,3,2,17,8,11,0,1,1,1,179.24
Vashi (Navi Mumbai),430,1,1,23,21,24,1,0,1,1,70.67
Powai,762,2,1,16,26,27,1,1,1,1,182.49
Andheri West,638,1,1,2,1,21,0,0,1,1,161.62
Chembur,575,1,1,0,5,23,1,1,1,1,143.04
Vashi (Navi Mumbai),1017,2,2,2,19,25,1,0,1,1,181.25
Vashi (Navi Mumbai),2725,4,3,15,6,9,1,1,1,1,403.61
Borivali West,984,2,3,5,10,11,1,0,0,1,186.02
Borivali West,511,1,1,0,18,24,1,0,0,1,112.46
Worli,616,1,1,1,16,16,0,1,1,1,295.02
South Mumbai,447,1,1,8,13,13,0,1,1,1,235.47
South Mumbai,1442,3,3,11,6,22,1,1,1,1,606.17
Juhu,3082,4,3,19,6,7,1,0,0,1,1134.6
Bandra West,1087,2,2,5,8,8,1,1,0,1,539.11
Andheri West,504,1,1,7,6,22,1,0,0,1,133.34
Chembur,1002,2,2,23,1,6,1,0,0,1,170.38
Borivali West,1785,3,3,23,18,21,1,0,0,1,263.2
Bandra West,1043,2,3,14,19,29,1,0,0,1,442.49
Worli,478,1,1,15,6,28,1,1,1,1,202.39
Andheri West,1257,3,2,9,11,40,1,0,0,1,297.79
Borivali West,408,1,1,18,6,6,1,1,0,1,85.28
Borivali West,1095,2,1,2,3,5,1,0,0,1,207.14
Powai,946,2,1,3,7,11,1,1,1,1,223.62
Powai,433,1,1,17,2,25,1,0,1,1,93.86
Borivali West,610,1,1,0,23,28,1,0,0,1,114.93
Borivali West,1061,2,2,4,33,38,1,0,0,1,202.28
Thane West,599,1,1,3,12,13,0,0,1,1,87.92
Vashi (Navi Mumbai),1068,2,2,3,4,14,1,0,1,1,170.39
Chembur,1751,3,2,13,16,29,1,0,0,1,323.36
Borivali West,497,1,1,23,14,27,0,0,1,1,83.31
Bandra West,515,1,2,0,29,35,1,1,1,1,293.11
Chembur,1573,3,3,21,13,21,1,1,1,1,274.81
South Mumbai,799,2,1,13,1,5,0,0,1,1,383.82
Vashi (Navi Mumbai),568,1,1,8,4,4,1,1,0,1,99.59
Powai,754,2,2,14,33,34,1,1,1,1,182.29
Andheri West,779,2,2,17,4,13,1,0,0,1,174.46
South Mumbai,988,2,3,4,36,40,1,0,1,1,526.61
Juhu,1598,3,2,16,23,25,1,0,0,1,579.66
Borivali West,998,2,1,12,3,4,1,0,1,1,173.22
Chembur,516,1,1,11,15,17,0,0,1,1,103.26
Andheri West,1077,2,3,4,1,4,1,0,0,1,275.95
Bandra West,514,1,1,13,5,30,1,0,1,1,215.5
Juhu,1616,3,4,5,16,19,1,1,1,1,734.01
Worli,1235,3,4,7,5,11,1,1,1,1,553.87
Chembur,819,2,2,8,18,37,1,0,1,1,161.43
Borivali West,804,2,3,19,4,9,1,1,1,1,140.49
Andheri West,1537,3,3,1,6,6,1,0,1,1,398.95
Worli,2871,4,4,6,18,24,1,1,1,1,1245.65
Borivali West,553,1,1,0,12,13,1,1,1,1,145.49
South Mumbai,1594,3,4,16,34,39,1,1,1,1,757.42
Andheri West,970,2,2,9,16,39,1,1,0,1,267.87
Thane West,833,2,2,10,25,36,0,1,1,1,119.27
Chembur,518,1,1,0,4,32,1,0,0,1,116.84
Chembur,2217,4,4,4,16,32,1,1,1,1,459.79
Bandra West,489,1,2,4,6,6,0,0,0,1,226.3
Chembur,968,2,3,13,7,12,1,0,1,1,185.29
Powai,510,1,1,12,20,23,0,0,1,1,116.08
South Mumbai,814,2,2,2,4,13,0,1,1,1,436.34
Thane West,752,2,1,22,4,5,1,1,1,1,110.32
Powai,567,1,1,11,2,4,0,0,1,1,121.39
Bandra West,1649,3,3,1,1,9,1,1,1,1,783.59
Worli,432,1,1,24,7,11,0,1,0,1,161.36
South Mumbai,582,1,1,8,19,19,0,1,1,1,326.1
Juhu,417,1,1,18,4,17,0,1,1,1,168.56
Thane West,514,1,1,5,2,15,1,1,1,1,91.73
Juhu,816,2,3,10,2,7,1,0,0,1,319.27
Worli,802,2,1,18,1,22,1,1,1,1,312.56
Powai,1027,2,2,16,11,35,0,0,1,1,200.47
Borivali West,1056,2,1,5,11,35,1,0,1,1,206.5
Juhu,1681,3,3,6,10,10,1,1,0,1,608.08
Thane West,856,2,1,0,6,8,1,1,1,1,152.99
Borivali West,924,2,2,4,1,6,1,1,0,1,187.29
Andheri West,1060,2,3,18,4,4,0,0,1,1,224.47
Worli,504,1,1,16,13,28,0,0,1,1,212.84
South Mumbai,1673,3,3,21,10,29,1,0,1,1,674.69
Powai,955,2,1,24,6,7,1,1,1,1,190.9
South Mumbai,960,2,1,25,14,21,1,1,0,1,440.27
Juhu,807,2,2,6,29,29,1,1,0,1,323.4
South Mumbai,926,2,2,18,34,35,1,1,1,1,436.01
South Mumbai,572,1,1,5,17,40,1,0,0,1,312.89
Thane West,937,2,2,20,8,39,1,0,1,1,115.07
Andheri West,533,1,2,14,12,32,1,1,1,1,155.66
Powai,414,1,1,1,8,39,1,0,1,1,106.33
Andheri West,546,1,1,18,30,30,1,0,0,1,123.64
Juhu,890,2,3,10,3,14,1,0,0,1,321.81
Borivali West,879,2,2,22,23,33,1,0,0,1,148.03
Vashi (Navi Mumbai),2704,4,3,15,8,12,1,0,0,1,400.91
Andheri West,1323,3,3,11,11,38,1,0,1,1,314.59
Bandra West,911,2,3,24,2,14,1,0,0,1,351.28
Vashi (Navi Mumbai),449,1,1,16,6,9,0,1,1,1,82.49
Andheri West,414,1,2,16,4,14,0,1,1,1,112.78
Andheri West,1726,3,3,16,9,14,1,1,0,1,396.96
Chembur,795,2,3,11,5,11,1,1,0,1,168.0
Juhu,472,1,2,2,15,28,0,1,1,1,239.66
Borivali West,517,1,2,16,1,15,1,1,0,1,103.9
Worli,431,1,2,8,7,26,0,0,1,1,185.31
Borivali West,1375,3,2,8,8,13,0,0,0,1,233.9
Chembur,601,1,1,21,1,32,0,0,1,1,104.33
Worli,909,2,2,21,1,8,1,1,1,1,329.5
Bandra West,1260,3,3,5,1,4,1,1,1,0,537.62
Vashi (Navi Mumbai),1243,3,4,4,18,29,1,1,1,1,209.08
Juhu,803,2,2,6,9,23,1,1,1,1,345.61
Andheri West,1359,3,3,12,2,4,1,1,0,1,321.06
Borivali West,1381,3,3,5,16,18,1,0,1,1,248.39
Thane West,755,2,2,10,15,25,1,0,1,1,106.83
South Mumbai,404,1,2,4,4,32,1,1,1,1,228.28
South Mumbai,464,1,1,11,3,11,0,1,1,1,233.3
Vashi (Navi Mumbai),1613,3,2,8,18,23,1,0,1,1,247.19
Andheri West,3394,4,3,6,9,19,1,1,0,1,859.15
Worli,805,2,2,6,7,12,1,1,1,1,377.31
Borivali West,1057,2,2,11,1,5,1,0,1,1,187.27
Chembur,1203,3,4,3,9,40,0,1,0,1,248.93
Juhu,555,1,1,22,1,19,0,1,0,1,204.99
Bandra West,911,2,2,14,26,29,1,0,1,1,386.64
Andheri West,1474,3,3,4,12,18,1,1,0,1,380.49
Juhu,831,2,2,19,10,31,1,1,0,1,332.51
Vashi (Navi Mumbai),961,2,2,11,16,19,1,1,0,1,156.72
Thane West,1249,3,4,6,7,19,1,1,1,1,189.24
Worli,466,1,1,2,11,24,0,0,0,1,213.63
Thane West,1783,3,4,1,18,38,1,0,1,1,253.51
Thane West,868,2,2,15,25,35,1,1,1,1,129.53
Andheri West,567,1,2,2,29,32,1,1,1,1,167.29
Thane West,838,2,3,25,9,37,1,0,1,1,103.91
Thane West,1087,2,2,0,2,16,1,1,1,1,152.82
South Mumbai,949,2,1,2,9,24,1,1,0,1,508.55
Vashi (Navi Mumbai),560,1,1,23,11,26,0,1,0,1,84.67
Juhu,984,2,1,5,18,28,1,0,1,1,379.47
Chembur,567,1,2,15,1,6,0,0,0,1,95.67
Bandra West,453,1,1,3,9,22,0,0,0,1,222.28
Chembur,929,2,2,10,11,18,1,0,1,1,181.97
Bandra West,940,2,1,19,26,40,1,1,1,1,426.72
Andheri West,582,1,1,21,16,20,1,1,1,1,136.22
Thane West,465,1,1,8,7,9,0,1,0,1,70.72
Worli,849,2,3,0,7,13,1,0,1,1,407.5
Andheri West,440,1,2,17,2,8,1,0,0,1,114.53
Juhu,866,2,1,0,13,16,1,1,1,1,403.87
Worli,1379,3,2,1,15,24,1,1,1,1,586.96
South Mumbai,769,2,3,17,8,8,1,0,0,1,334.91
Bandra West,1051,2,1,0,26,37,0,0,1,1,542.18
Andheri West,1300,3,4,3,35,36,1,0,0,1,329.44
Chembur,891,2,2,5,14,18,1,0,1,1,194.26
Chembur,1618,3,3,7,9,11,1,0,1,1,319.31
Borivali West,617,1,1,7,4,6,0,1,0,1,119.22
Borivali West,1032,2,1,9,12,12,1,0,0,1,192.0
Andheri West,1771,3,3,12,5,39,1,0,1,1,419.03
South Mumbai,1702,3,4,0,2,6,1,0,0,1,882.82
Thane West,1394,3,3,16,14,39,1,1,0,1,176.56
Andheri West,456,1,1,21,7,28,0,1,1,1,119.46
Vashi (Navi Mumbai),415,1,1,25,6,7,1,0,1,1,64.18
Worli,981,2,2,15,1,17,1,0,1,1,389.16
Borivali West,557,1,1,6,11,15,1,0,1,1,114.83
Juhu,997,2,2,9,4,8,1,1,1,1,394.16
Bandra West,750,2,1,13,8,27,1,1,1,1,344.44
Andheri West,1063,2,1,25,3,8,1,1,0,1,234.72
Bandra West,545,1,2,7,16,26,1,1,1,1,251.49
Vashi (Navi Mumbai),1483,3,2,15,5,5,1,0,1,1,213.45
Andheri West,582,1,1,17,9,14,1,1,1,1,171.74
Worli,1702,3,4,23,5,6,0,0,1,1,600.58
Vashi (Navi Mumbai),841,2,1,17,4,20,1,1,1,1,142.9
South Mumbai,1629,3,3,11,7,25,1,1,0,1,799.88
Vashi (Navi Mumbai),761,2,2,21,13,16,1,1,1,1,134.69
Thane West,1513,3,3,5,3,37,1,1,1,1,243.94
Chembur,442,1,1,18,19,22,1,0,0,1,87.94
Juhu,577,1,1,0,8,22,0,0,1,1,249.23
Juhu,755,2,1,7,14,16,1,0,1,1,323.8
Worli,812,2,1,13,11,37,1,1,1,1,344.75
Powai,400,1,2,0,21,25,1,1,1,1,124.06
Borivali West,855,2,2,14,4,7,0,1,0,1,141.17
Vashi (Navi Mumbai),1733,3,3,13,25,26,1,1,0,1,253.22
Chembur,1720,3,4,12,19,31,0,1,0,1,316.12
Powai,481,1,1,0,7,12,1,1,1,1,129.72
Borivali West,499,1,2,12,27,27,1,0,0,1,98.55
Bandra West,1322,3,2,21,23,27,1,0,0,1,539.39
Bandra West,503,1,1,11,5,17,1,1,1,1,243.38
Worli,894,2,2,10,11,34,1,1,0,1,377.31
Juhu,532,1,1,3,17,36,1,1,0,1,226.28
Bandra West,570,1,2,4,18,35,0,0,0,1,274.07
Borivali West,797,2,2,9,11,26,1,0,0,1,149.23
Borivali West,860,2,3,3,9,13,0,1,0,1,189.07
Worli,828,2,2,9,26,30,1,1,0,1,403.01
Powai,884,2,3,11,17,22,1,1,1,1,221.45
Powai,840,2,3,14,7,8,1,1,0,1,181.66
Borivali West,602,1,1,20,11,26,1,0,0,1,103.45
Chembur,975,2,1,10,20,39,1,0,1,1,179.35
Worli,1663,3,2,21,13,31,1,0,1,1,608.48
Powai,1228,3,3,16,1,8,1,0,1,1,235.06
Thane West,1367,3,4,0,24,24,1,1,1,1,225.17
Juhu,795,2,2,14,1,4,1,1,0,1,292.75
Bandra West,404,1,1,23,9,13,1,1,1,1,178.93
Borivali West,918,2,2,21,8,11,1,0,0,1,144.83
Worli,1086,2,2,5,2,10,0,1,1,1,433.33
Juhu,573,1,1,21,13,17,0,1,1,1,227.15
Borivali West,966,2,2,23,3,19,1,0,0,1,145.92
Juhu,531,1,2,8,10,25,1,1,1,1,241.38
Bandra West,613,1,1,25,26,40,1,0,0,1,243.8
South Mumbai,814,2,2,7,4,35,1,1,0,1,416.23
Andheri West,402,1,1,21,7,8,1,0,1,1,101.38
Powai,1005,2,2,24,17,38,1,1,1,1,215.43
Juhu,1082,2,2,0,22,36,1,0,1,1,468.31
Bandra West,447,1,1,14,12,33,0,0,1,1,182.76
Chembur,2599,4,3,15,26,27,1,1,1,1,439.14
Chembur,1039,2,2,20,21,40,0,0,0,1,160.94
Thane West,1219,3,3,13,5,22,1,0,1,1,167.58
Thane West,1449,3,3,0,5,21,0,0,1,1,208.44
Vashi (Navi Mumbai),568,1,1,23,3,6,0,1,0,1,88.22
Andheri West,921,2,2,24,3,5,0,1,1,1,200.89
Worli,460,1,1,23,33,40,1,0,0,1,174.7
Chembur,483,1,1,0,2,6,0,0,0,1,92.8
Borivali West,851,2,2,0,3,7,1,0,0,1,161.55
South Mumbai,476,1,1,3,5,30,1,1,1,1,289.67
Thane West,859,2,2,18,34,35,0,1,1,1,106.96
Powai,751,2,2,12,5,12,1,1,1,1,184.07
Worli,482,1,1,18,15,17,1,0,1,1,209.71
Borivali West,432,1,1,4,12,19,0,1,0,1,91.4
Chembur,918,2,3,0,11,33,0,0,0,1,181.46
South Mumbai,759,2,2,25,6,35,1,1,1,1,374.62
Thane West,1064,2,2,10,24,31,1,1,1,1,170.31
Worli,405,1,1,12,5,8,0,0,0,1,168.84
Bandra West,1676,3,3,25,18,25,1,1,0,1,650.5
Vashi (Navi Mumbai),772,2,3,1,36,36,1,0,0,1,126.24
Andheri West,1459,3,3,11,11,38,1,1,1,1,369.26
Worli,1040,2,1,21,12,21,1,1,1,1,414.68
Powai,1099,2,3,8,1,4,1,1,1,1,241.48
South Mumbai,991,2,2,13,2,18,1,0,1,1,473.99
Borivali West,863,2,2,0,31,33,1,1,0,1,180.28
Chembur,1781,3,3,3,4,5,1,0,1,1,348.16
Andheri West,1076,2,2,13,6,17,0,0,1,1,237.79
Bandra West,3081,4,4,24,8,36,1,1,0,1,1059.63
Andheri West,970,2,3,9,8,31,0,1,0,1,236.12
Andheri West,615,1,2,5,15,17,0,1,0,1,166.22
Vashi (Navi Mumbai),546,1,1,25,1,11,1,1,0,1,86.7
Vashi (Navi Mumbai),1643,3,2,21,5,8,1,1,0,1,238.16
Chembur,1083,2,1,6,19,24,0,0,0,1,194.01
Borivali West,986,2,2,19,5,7,0,0,1,1,151.28
Juhu,1018,2,1,12,4,8,0,1,1,1,371.36
Borivali West,809,2,2,10,6,11,1,0,1,1,143.89
Powai,549,1,2,6,2,7,1,1,0,1,134.87
Andheri West,1474,3,4,10,5,16,1,0,0,1,331.53
Borivali West,1023,2,2,15,35,37,1,1,0,1,181.36
Juhu,3027,4,4,20,3,6,1,0,1,1,991.58
Chembur,783,2,3,0,21,25,1,1,0,1,168.33
Chembur,1302,3,4,16,7,35,0,0,0,1,204.48
Vashi (Navi Mumbai),2621,4,3,3,2,10,0,1,0,1,387.33
Thane West,478,1,1,0,23,32,1,1,1,1,93.06
Bandra West,1205,3,3,23,27,29,1,0,0,1,514.82
Thane West,1492,3,3,0,10,19,1,1,1,1,228.89
South Mumbai,1066,2,2,25,29,30,0,0,1,1,478.41
Bandra West,1041,2,2,7,8,9,1,1,0,1,440.18
South Mumbai,1092,2,3,13,27,38,1,1,1,1,503.92
Vashi (Navi Mumbai),907,2,2,0,12,28,1,1,1,1,164.39
Worli,907,2,2,3,5,7,1,1,0,1,418.98
Worli,1768,3,2,12,7,8,1,1,1,1,680.59
South Mumbai,800,2,1,20,7,7,1,1,1,1,339.9
Chembur,507,1,1,5,2,4,0,0,1,1,105.26
Bandra West,872,2,2,20,12,25,1,1,1,1,361.58
Worli,1001,2,3,18,33,34,0,0,1,1,386.04
Juhu,1013,2,2,9,12,35,1,1,0,1,392.42
Borivali West,1506,3,4,6,2,18,0,0,0,1,281.13
Bandra West,901,2,1,12,4,19,0,0,0,1,351.48
Powai,1699,3,3,4,9,14,1,1,1,1,409.8
Vashi (Navi Mumbai),547,1,1,0,9,9,0,0,0,1,76.98
Chembur,868,2,1,5,31,31,0,1,0,1,191.99
Bandra West,755,2,1,3,2,6,1,0,0,1,340.11
Borivali West,526,1,1,11,8,30,0,0,0,1,95.45
Borivali West,1448,3,3,0,5,6,1,0,0,1,253.47
Juhu,875,2,2,7,2,5,1,0,1,1,364.35
Borivali West,485,1,1,18,13,20,0,0,0,1,81.27
Vashi (Navi Mumbai),431,1,1,12,32,40,0,1,1,1,81.46
Chembur,630,1,1,25,15,16,1,0,0,1,113.66
Powai,1634,3,4,3,3,17,1,1,0,1,379.83
Chembur,1267,3,2,7,13,14,1,1,1,1,266.49
Thane West,415,1,1,9,6,7,1,1,1,1,81.08
Chembur,925,2,1,24,12,20,1,1,1,1,179.32
Borivali West,436,1,1,3,2,4,0,0,0,0,80.99
South Mumbai,788,2,3,21,25,26,1,1,1,1,374.77
Juhu,787,2,2,2,8,32,1,0,0,1,335.74
Juhu,1052,2,3,6,22,35,1,1,1,1,435.48
Chembur,541,1,1,7,5,25,0,0,1,1,98.41
Vashi (Navi Mumbai),1083,2,2,20,16,21,1,0,0,1,136.63
Juhu,573,1,1,17,13,14,1,1,1,1,241.89
Bandra West,1690,3,3,5,5,8,1,1,0,1,795.93
Andheri West,462,1,1,21,16,22,0,0,0,1,90.42
Chembur,1756,3,3,16,27,37,1,0,0,1,317.44
Bandra West,1490,3,3,12,4,14,1,0,0,1,592.19
Chembur,998,2,2,21,13,17,1,0,1,1,173.99
Worli,514,1,1,9,4,22,1,1,1,1,225.48
Worli,1798,3,3,8,23,38,1,0,1,1,785.53
Borivali West,838,2,2,0,2,6,1,0,0,1,165.68
Bandra West,1009,2,2,19,25,29,1,1,1,1,417.14
Andheri West,1048,2,3,0,12,14,0,0,1,1,304.93
Andheri West,1373,3,2,24,8,14,1,0,0,1,288.05
Borivali West,602,1,1,18,29,38,1,0,0,1,98.79
Borivali West,1095,2,3,22,30,36,1,1,1,1,197.33
Thane West,1082,2,2,18,20,20,1,1,1,1,155.12
Chembur,918,2,2,9,5,7,0,0,1,1,169.79
Andheri West,940,2,2,12,1,6,1,0,1,1,196.72
Andheri West,834,2,2,1,14,38,1,1,1,1,237.2
South Mumbai,466,1,1,0,17,31,0,0,0,1,256.46
Bandra West,1205,3,2,3,2,7,1,1,1,1,585.01
Chembur,618,1,1,9,3,7,1,1,0,1,140.49
Andheri West,1028,2,1,15,6,23,1,1,1,1,260.72
Borivali West,1470,3,3,12,9,17,0,0,1,1,276.46
Chembur,1007,2,2,0,4,6,0,0,0,1,194.76
Andheri West,511,1,1,5,8,21,1,1,1,1,161.65
Bandra West,1414,3,4,5,3,9,1,0,1,1,644.35
Andheri West,472,1,1,12,23,26,0,1,1,1,138.68
Borivali West,649,1,2,12,10,33,1,0,1,1,133.95
Worli,942,2,2,13,5,38,1,1,1,1,382.22
Juhu,597,1,1,7,2,5,1,1,0,1,241.1
South Mumbai,944,2,1,20,11,14,1,0,1,1,403.48
Worli,2647,4,3,25,14,34,1,1,1,1,986.72
Vashi (Navi Mumbai),1002,2,1,14,11,27,1,1,1,1,167.97
Borivali West,837,2,2,22,6,12,1,0,0,1,133.63
Andheri West,1701,3,2,21,27,27,0,0,1,1,374.84
Borivali West,526,1,1,20,32,32,1,0,1,1,109.75
Bandra West,1056,2,2,0,7,11,1,1,0,1,519.97
Chembur,1359,3,3,13,37,38,1,0,1,1,265.85
Powai,920,2,1,17,1,10,1,0,0,1,172.7
South Mumbai,819,2,2,2,17,26,0,0,1,1,467.56
Powai,1204,3,3,15,13,14,1,1,1,1,274.52
Thane West,468,1,2,8,22,26,0,0,1,1,65.31
Worli,774,2,3,0,18,23,1,1,1,1,394.88
Borivali West,509,1,1,0,21,27,0,1,0,1,107.74
Juhu,1034,2,3,23,23,37,1,1,0,1,408.18
South Mumbai,629,1,2,25,9,35,0,1,1,1,281.11
South Mumbai,508,1,1,15,5,10,0,1,1,1,248.61
South Mumbai,899,2,3,4,18,20,1,1,1,1,487.18
Worli,968,2,1,11,17,29,1,0,1,1,411.82
Chembur,1370,3,3,11,2,40,1,1,0,1,253.22
Bandra West,405,1,1,16,16,24,1,0,0,1,178.36
Chembur,1295,3,2,9,10,16,1,1,0,1,271.27
South Mumbai,526,1,1,14,8,33,1,0,1,1,270.79
Thane West,1061,2,2,21,11,15,1,0,1,1,140.13
South Mumbai,439,1,2,9,11,12,0,1,1,1,230.18
Borivali West,909,2,2,16,6,17,1,0,0,1,151.06
Thane West,499,1,1,19,2,7,1,0,1,1,62.17
Juhu,821,2,2,17,4,8,1,1,1,1,293.98
Thane West,816,2,2,0,13,14,1,1,1,1,147.48
Powai,648,1,2,21,2,27,1,1,1,1,141.13
Borivali West,566,1,1,12,7,7,1,0,0,1,100.43
Andheri West,928,2,3,11,24,28,1,1,0,1,252.0
Andheri West,1054,2,2,14,2,6,0,0,1,1,240.83
Bandra West,994,2,2,2,8,15,0,1,1,1,439.36
South Mumbai,628,1,1,24,14,18,0,0,0,1,273.04
Bandra West,887,2,3,10,8,21,1,0,1,1,382.04
Juhu,1030,2,2,3,1,4,1,0,0,1,409.57
South Mumbai,456,1,1,12,4,8,0,1,1,1,230.25
Andheri West,440,1,1,13,16,22,0,0,1,1,103.45
Andheri West,961,2,2,0,8,11,1,0,1,1,273.51
Powai,974,2,3,21,2,25,1,1,1,1,210.28
Bandra West,647,1,1,14,9,37,1,1,1,1,296.19
Powai,1360,3,3,21,5,9,1,1,1,1,253.52
Borivali West,408,1,1,1,9,36,1,1,0,1,95.8
Borivali West,757,2,2,12,1,4,1,1,1,1,149.91
Andheri West,1075,2,2,3,6,6,1,0,0,1,278.77
Worli,789,2,3,5,10,31,1,1,0,1,334.86
Thane West,873,2,2,19,16,27,1,1,1,1,113.63
South Mumbai,893,2,3,2,36,40,0,1,0,1,525.53
Powai,649,1,1,9,12,33,1,1,0,1,167.78
Powai,1489,3,3,2,9,15,1,1,1,1,364.84
Chembur,506,1,1,23,4,7,0,1,0,1,89.69
Chembur,493,1,1,13,2,16,1,1,0,1,101.6
Bandra West,1061,2,3,3,8,10,1,1,1,1,509.04
Vashi (Navi Mumbai),615,1,1,9,12,18,1,1,0,1,107.64
Thane West,1578,3,3,8,4,4,0,1,1,1,207.12
Worli,940,2,1,12,3,25,1,1,1,1,389.15
Juhu,1261,3,3,0,10,11,1,1,1,1,541.55
Borivali West,844,2,2,10,19,20,1,0,0,1,162.3
Juhu,1003,2,3,20,18,40,1,1,1,1,413.49
Worli,587,1,1,0,2,39,1,1,1,1,283.48
Worli,1040,2,3,15,4,13,1,1,1,1,399.65
Chembur,863,2,2,20,1,6,0,1,0,1,149.56
Borivali West,1009,2,1,23,19,30,1,0,1,1,173.65
Powai,1074,2,2,12,2,4,1,1,1,1,245.28
Borivali West,1554,3,2,0,13,28,1,0,1,1,287.29
Andheri West,540,1,1,23,3,6,0,1,0,1,130.14
Borivali West,758,2,2,23,5,36,1,0,0,1,115.27
Powai,860,2,2,0,8,23,1,1,1,1,216.74
Juhu,1502,3,4,24,22,32,0,0,0,1,568.33
Chembur,644,1,1,13,15,26,1,0,0,1,123.28
South Mumbai,1015,2,2,4,4,7,1,1,1,1,497.78
South Mumbai,442,1,2,15,20,40,0,0,1,1,204.91
Bandra West,911,2,2,6,1,4,0,0,1,0,403.89
Worli,622,1,1,0,2,33,1,1,1,1,298.86
Chembur,426,1,1,1,14,19,1,0,0,1,98.08
Juhu,1670,3,3,22,2,15,1,1,1,1,579.63
Borivali West,1450,3,3,4,35,36,1,0,0,1,285.56
South Mumbai,870,2,2,10,19,20,1,1,1,1,455.3
Bandra West,590,1,1,15,19,29,1,1,0,1,259.02
Bandra West,1724,3,2,2,16,25,1,1,0,1,857.68
Andheri West,1630,3,3,3,3,8,1,0,1,1,421.76
Borivali West,1300,3,2,15,38,39,1,1,1,1,238.66
Chembur,925,2,1,17,10,10,1,1,0,1,169.13
Vashi (Navi Mumbai),962,2,2,8,8,14,1,0,1,1,151.79
Bandra West,896,2,1,8,4,10,1,1,0,1,394.87
Vashi (Navi Mumbai),574,1,1,0,12,15,1,0,1,1,108.45
Chembur,570,1,1,16,6,38,0,1,1,1,112.05
Thane West,1631,3,3,0,17,23,1,0,1,1,233.11
Thane West,2638,4,4,16,8,40,1,0,1,1,309.54
Powai,1546,3,3,21,17,31,1,0,1,1,282.51
Borivali West,491,1,1,18,3,4,0,0,1,1,81.84
Borivali West,828,2,2,3,17,21,1,0,1,1,166.97
Chembur,603,1,1,13,10,10,0,0,0,1,99.33
Thane West,799,2,2,23,8,16,1,0,1,1,95.28
Juhu,471,1,1,11,5,11,1,0,0,1,194.95
Borivali West,594,1,1,7,14,17,0,1,0,1,121.01
South Mumbai,814,2,1,14,2,25,1,1,1,1,406.89
Powai,1736,3,2,1,32,39,1,1,1,1,443.85
Andheri West,767,2,2,12,24,25,1,0,1,1,182.28
South Mumbai,2214,4,4,14,15,24,1,1,1,1,1133.18
South Mumbai,634,1,2,17,4,5,1,0,1,1,269.03
Vashi (Navi Mumbai),486,1,1,21,4,14,0,0,1,1,71.29
Worli,1006,2,2,10,5,6,1,1,1,1,412.92
Borivali West,1228,3,2,14,7,10,1,1,0,1,227.83
Powai,757,2,2,12,9,20,0,1,1,1,187.02
Borivali West,822,2,2,23,3,12,1,0,0,1,124.98
Bandra West,503,1,1,15,2,6,1,1,0,1,235.26
Thane West,956,2,2,0,3,4,0,0,1,1,137.77
Andheri West,929,2,2,5,2,6,1,1,1,1,235.95
Vashi (Navi Mumbai),1008,2,2,13,6,27,0,0,1,1,134.84
Bandra West,774,2,3,0,6,30,1,0,0,1,361.17
Vashi (Navi Mumbai),540,1,1,1,20,24,0,0,0,1,91.49
Andheri West,1377,3,2,10,14,15,0,1,0,1,364.82
South Mumbai,1089,2,1,24,5,5,1,1,1,1,463.53
Powai,970,2,3,6,5,13,1,1,1,1,229.55
South Mumbai,1063,2,1,17,12,18,0,1,1,1,514.76
Chembur,947,2,2,15,13,19,1,0,1,1,175.77
Thane West,565,1,2,9,5,8,1,0,1,1,80.48
Chembur,1013,2,1,7,4,14,1,0,1,1,199.03
Chembur,543,1,1,9,6,11,1,0,0,1,111.64
Andheri West,988,2,3,17,31,38,1,0,1,1,231.41
Thane West,418,1,2,21,5,40,0,0,1,1,55.1
Vashi (Navi Mumbai),883,2,3,10,14,21,1,0,1,1,154.42
Vashi (Navi Mumbai),840,2,1,9,9,18,1,0,0,1,121.4
Borivali West,1725,3,3,3,9,10,0,0,0,1,285.85
Worli,1097,2,1,1,8,8,1,1,1,1,494.33
Chembur,879,2,1,10,7,7,0,0,1,1,167.82
Borivali West,860,2,2,2,14,36,1,1,0,1,170.99
Worli,830,2,2,22,2,27,1,1,1,1,323.03
Andheri West,800,2,2,22,11,18,0,0,0,1,171.61
Juhu,588,1,1,16,4,4,1,0,1,1,230.76
South Mumbai,1218,3,3,12,2,4,0,1,0,1,626.27
Bandra West,561,1,1,24,8,8,1,1,1,1,229.02
Powai,1032,2,1,10,2,19,1,1,1,1,227.96
Vashi (Navi Mumbai),971,2,2,23,29,35,1,0,1,1,138.33
South Mumbai,838,2,1,17,21,25,1,0,1,1,393.74
Chembur,772,2,1,6,20,21,1,1,0,1,172.7
Bandra West,580,1,1,16,3,6,1,0,1,1,250.24
Powai,870,2,1,1,21,39,0,1,1,1,197.25
Juhu,500,1,1,12,20,21,0,1,1,1,224.15
Worli,1050,2,1,10,5,10,1,0,1,1,443.47
South Mumbai,568,1,1,20,2,7,1,1,1,1,266.83
Thane West,1099,2,3,18,3,29,1,1,0,1,139.73
Bandra West,960,2,2,17,4,5,1,1,0,1,400.46
Worli,1416,3,3,2,2,5,0,1,1,1,670.03
Juhu,854,2,1,16,11,37,1,1,1,1,334.48
Vashi (Navi Mumbai),1715,3,2,1,18,19,1,0,1,1,252.97
Worli,1452,3,3,22,3,35,1,1,1,1,528.77
Chembur,547,1,2,11,1,4,1,0,0,1,101.63
Bandra West,1789,3,3,5,20,21,0,1,1,1,853.69
Andheri West,944,2,3,6,20,20,1,1,0,1,261.19
Powai,1081,2,2,16,24,29,1,1,1,1,233.52
Thane West,589,1,1,6,15,15,0,0,0,1,80.67
Andheri West,572,1,1,14,8,33,1,1,0,1,153.08
Powai,1071,2,2,12,3,8,1,1,1,1,224.42
Juhu,619,1,1,11,29,35,1,0,1,1,269.88
Worli,566,1,1,17,4,4,0,1,0,1,237.59
Powai,466,1,1,12,3,5,1,1,1,1,116.06
Vashi (Navi Mumbai),999,2,1,8,8,15,1,1,1,1,162.33
South Mumbai,1300,3,3,19,5,5,1,0,0,1,613.52
Vashi (Navi Mumbai),475,1,1,13,12,13,0,0,0,1,60.95
Vashi (Navi Mumbai),825,2,1,2,9,17,1,0,1,1,147.39
Bandra West,907,2,2,24,29,32,1,0,1,1,370.59
Andheri West,1096,2,2,22,25,31,1,0,0,1,246.41
Bandra West,624,1,1,11,3,35,1,1,1,1,286.45
Andheri West,639,1,1,16,3,4,1,0,0,1,150.29
Powai,1053,2,2,24,20,38,1,1,1,1,232.29
Powai,1329,3,3,0,2,26,1,0,1,1,302.64
Vashi (Navi Mumbai),552,1,1,9,15,33,0,1,0,1,96.04
Bandra West,1397,3,3,0,8,8,1,0,1,1,664.75
Chembur,1616,3,4,13,22,23,1,0,0,1,300.41
Chembur,984,2,3,0,22,26,1,1,1,1,213.46
Juhu,794,2,2,21,2,12,1,1,1,1,299.32
Worli,1749,3,3,4,4,4,1,0,1,0,775.73
Chembur,414,1,1,10,3,38,0,0,1,1,79.53
Thane West,1079,2,2,10,17,32,1,1,1,1,164.96
Bandra West,935,2,3,11,3,10,1,1,0,1,385.03
Powai,872,2,2,21,15,21,1,1,0,1,188.85
Andheri West,494,1,2,5,1,9,1,0,0,1,120.64
Andheri West,1358,3,2,0,16,22,1,1,0,1,384.58
Bandra West,1035,2,2,5,4,8,1,1,0,1,478.33
Worli,997,2,2,7,11,21,1,0,1,1,426.95
Vashi (Navi Mumbai),566,1,1,10,2,7,1,1,0,1,100.58
Andheri West,1642,3,3,0,1,6,1,1,0,1,431.15
Andheri West,1020,2,3,0,9,27,1,0,0,1,261.94
Worli,805,2,2,18,10,37,1,1,1,1,331.66
Juhu,790,2,2,21,5,23,1,0,0,1,289.42
Chembur,630,1,1,14,18,31,0,0,1,1,117.72
Bandra West,896,2,3,7,16,37,1,1,1,1,420.38
Bandra West,829,2,1,10,18,30,0,1,0,1,384.34
Juhu,902,2,3,8,10,24,1,1,1,1,391.94
Bandra West,512,1,2,25,9,16,1,1,1,1,215.92
Andheri West,1061,2,3,6,6,32,0,0,0,1,260.52
Bandra West,1518,3,3,5,6,38,1,0,0,1,674.09
Juhu,879,2,2,7,13,32,1,1,1,1,385.3
Juhu,1259,3,2,6,17,39,1,1,1,1,526.73
Vashi (Navi Mumbai),1435,3,4,5,9,10,1,1,0,1,209.63
Worli,799,2,2,7,12,15,1,0,0,1,342.66
Chembur,1047,2,2,21,1,7,1,1,0,1,194.37
Powai,790,2,2,5,4,5,1,1,1,1,200.44
Juhu,1079,2,2,9,10,31,1,1,1,1,437.28
Andheri West,1059,2,2,7,14,21,1,0,1,1,260.92
Chembur,549,1,2,8,28,29,0,1,1,1,121.72
Chembur,454,1,1,14,8,30,0,0,1,1,86.87
South Mumbai,2117,4,5,1,6,15,1,1,1,1,1103.32
Vashi (Navi Mumbai),602,1,1,10,16,16,0,0,1,1,100.39
Chembur,581,1,2,17,15,24,0,0,0,1,93.09
Vashi (Navi Mumbai),617,1,1,20,3,9,1,0,1,1,85.91
Thane West,1003,2,2,0,29,36,1,1,1,1,163.49
Chembur,1008,2,2,5,4,12,1,0,1,1,198.36
Powai,853,2,3,20,17,20,1,1,1,1,183.55
Worli,1061,2,2,24,6,6,1,1,1,1,388.24
Andheri West,1417,3,3,24,2,11,1,0,1,1,322.21
Thane West,1491,3,3,9,16,37,1,1,1,1,228.03
Vashi (Navi Mumbai),918,2,2,25,24,33,0,0,1,1,117.41
Vashi (Navi Mumbai),953,2,1,3,29,36,1,1,0,1,175.79
Andheri West,1748,3,3,0,4,11,1,1,0,1,450.52
South Mumbai,2555,4,4,3,3,6,1,0,0,1,1275.56
Thane West,587,1,1,20,4,6,1,0,1,1,79.93
Borivali West,1356,3,3,11,27,37,0,0,0,1,212.47
Powai,981,2,2,8,23,23,1,0,0,1,245.27
Vashi (Navi Mumbai),563,1,1,12,12,31,0,1,1,1,103.35
Thane West,643,1,1,21,1,22,0,1,0,1,81.14
Andheri West,1364,3,4,21,27,37,1,0,0,1,270.11
Juhu,1298,3,2,0,8,8,1,0,1,1,561.31
Vashi (Navi Mumbai),1033,2,3,23,13,20,0,1,1,1,159.92
Borivali West,971,2,2,0,1,4,1,1,0,1,194.48
Chembur,540,1,1,18,24,26,1,1,1,1,112.02
Vashi (Navi Mumbai),1203,3,4,3,12,18,1,0,1,1,189.88
Borivali West,1546,3,3,2,3,28,0,1,1,1,282.66
Juhu,528,1,1,4,4,30,0,1,1,1,227.23
Borivali West,1298,3,2,10,10,32,1,1,1,1,246.07
Chembur,1022,2,1,3,4,4,1,0,0,1,196.44
Powai,1090,2,2,22,15,35,1,1,1,1,226.66
Powai,556,1,2,17,1,18,1,0,0,1,113.1
Thane West,2557,4,4,15,1,33,1,0,0,1,291.82
Juhu,825,2,1,0,23,28,1,1,1,1,403.99
Borivali West,430,1,1,7,3,10,1,0,1,1,95.73
Borivali West,934,2,1,9,19,39,1,0,0,1,158.7
Thane West,428,1,1,13,6,8,1,0,0,1,60.6
Juhu,584,1,1,7,24,34,1,1,1,1,254.12
Andheri West,1449,3,2,11,3,5,1,1,1,1,380.57
Chembur,424,1,1,2,5,7,0,0,1,1,86.15
Thane West,2715,4,5,25,23,34,1,1,1,1,336.14
Borivali West,587,1,1,7,4,14,1,0,0,1,113.77
Chembur,533,1,1,9,6,23,1,0,0,1,109.6
Chembur,438,1,2,0,40,40,1,1,0,1,111.58
Juhu,460,1,1,12,34,37,1,1,0,1,191.29
South Mumbai,1060,2,3,4,23,24,1,0,0,1,607.39
Andheri West,2615,4,3,19,11,22,1,0,1,1,515.36
Borivali West,1526,3,4,13,3,8,1,0,0,1,242.98
Bandra West,1005,2,3,17,7,8,1,0,1,1,438.82
Thane West,928,2,2,9,3,8,1,1,1,1,150.32
Bandra West,568,1,1,13,6,25,1,0,0,1,252.36
Bandra West,1072,2,2,16,13,17,1,1,1,1,458.05
Bandra West,510,1,1,18,19,25,0,1,1,1,218.1
Bandra West,868,2,3,0,2,13,1,1,1,1,447.91
Juhu,1462,3,4,24,4,31,1,1,1,1,501.47
Thane West,1030,2,2,19,6,13,1,0,1,1,119.52
Andheri West,822,2,2,15,2,11,0,0,0,1,180.4
Thane West,1569,3,2,14,1,17,1,0,1,1,199.32
Powai,920,2,1,16,9,23,1,1,1,1,210.8
Powai,494,1,1,13,5,8,1,1,0,1,108.47
Worli,1057,2,1,25,13,26,1,1,1,1,404.61
South Mumbai,469,1,2,13,1,15,1,1,1,1,250.82
Borivali West,811,2,2,25,23,35,1,0,0,1,132.16
Juhu,842,2,2,12,10,35,1,1,1,1,333.47
Vashi (Navi Mumbai),785,2,2,8,17,18,1,1,0,1,133.19
Vashi (Navi Mumbai),480,1,1,0,14,24,1,0,1,1,96.15
Chembur,752,2,2,7,4,22,1,1,1,1,168.3
Andheri West,509,1,1,10,2,5,0,1,0,1,130.62
Powai,1009,2,2,16,3,14,1,1,1,1,221.67
Chembur,549,1,1,7,1,14,1,0,1,1,105.8
Thane West,923,2,2,24,3,8,1,0,1,1,111.94
Worli,1396,3,3,16,2,4,1,1,1,1,535.3
Thane West,642,1,1,25,4,6,0,1,1,1,82.26
Andheri West,425,1,1,0,3,7,0,0,1,1,112.85
Vashi (Navi Mumbai),1046,2,3,22,1,5,1,1,0,1,151.11
Vashi (Navi Mumbai),1745,3,3,13,31,39,1,1,1,1,266.16
Vashi (Navi Mumbai),481,1,1,12,1,6,0,0,1,1,68.72
Andheri West,1770,3,3,2,26,38,0,1,1,1,466.16
Thane West,464,1,1,10,1,4,1,0,1,1,73.32
South Mumbai,1054,2,3,8,17,23,0,0,1,1,588.27
Worli,816,2,1,14,7,27,1,1,1,1,350.63
Juhu,890,2,1,0,33,34,1,0,1,1,382.34
Powai,1475,3,3,5,24,25,1,0,1,1,339.71
Vashi (Navi Mumbai),638,1,1,7,6,7,0,0,1,1,99.57
Vashi (Navi Mumbai),526,1,2,17,2,11,1,0,1,1,79.22
Worli,802,2,2,11,3,16,1,1,1,1,365.43
Chembur,454,1,1,13,18,24,1,0,0,1,91.9
Powai,422,1,2,21,4,8,1,0,1,1,96.37
Andheri West,930,2,2,0,20,24,1,1,1,1,273.43
Chembur,983,2,2,24,3,8,1,0,1,1,166.85
Chembur,3096,4,3,22,1,25,0,1,1,1,465.5
Andheri West,628,1,2,25,7,12,0,1,0,1,131.95
Juhu,981,2,2,5,3,5,1,1,0,1,429.78
Thane West,551,1,1,16,8,35,1,1,0,1,88.18
Bandra West,1349,3,3,23,4,14,1,0,1,1,565.2
Powai,641,1,2,1,5,6,0,0,1,1,143.03
Andheri West,495,1,2,23,5,5,0,1,1,1,118.73
Borivali West,886,2,1,15,7,19,1,0,0,1,138.07
Bandra West,885,2,3,10,1,24,1,1,0,1,398.07
Bandra West,465,1,1,23,22,26,1,1,1,1,216.98
Vashi (Navi Mumbai),1321,3,3,4,1,13,1,0,0,1,214.34
Thane West,416,1,1,18,7,8,1,0,1,1,62.4
Juhu,1795,3,3,9,2,7,1,1,1,1,700.42
Vashi (Navi Mumbai),415,1,2,21,25,34,0,1,1,1,75.17
Borivali West,937,2,3,1,29,35,1,0,0,1,173.71
Powai,1052,2,2,18,5,7,1,1,1,1,228.37
Powai,1072,2,2,3,12,27,1,1,1,1,262.09
Vashi (Navi Mumbai),791,2,2,2,12,14,0,0,0,1,129.9
Worli,1645,3,3,0,6,24,1,1,1,1,796.15
Thane West,1667,3,2,12,4,5,1,0,1,1,210.28
Bandra West,792,2,2,7,8,8,1,1,0,1,371.04
Bandra West,1542,3,3,24,3,5,1,1,1,1,587.18
Chembur,492,1,1,2,7,7,1,1,1,1,119.46
Thane West,929,2,2,18,5,11,1,1,1,1,134.26
South Mumbai,605,1,1,15,29,33,1,0,1,1,300.87
Chembur,436,1,1,15,1,4,1,0,1,1,79.14
Powai,2227,4,4,11,6,7,1,1,1,1,450.95
Bandra West,507,1,1,18,22,30,1,0,0,1,234.38
Borivali West,785,2,2,12,5,40,1,0,0,1,133.31
Thane West,537,1,1,15,22,38,0,0,0,1,61.35
Powai,898,2,2,4,27,27,1,1,1,1,225.11
Bandra West,802,2,2,5,31,38,0,1,0,1,399.57
Bandra West,868,2,2,6,1,6,1,0,1,1,388.21
Andheri West,1283,3,4,9,21,29,1,1,1,1,329.11
Thane West,2737,4,4,23,2,24,1,1,1,1,327.54
Vashi (Navi Mumbai),1777,3,2,5,2,5,1,1,1,1,266.06
Powai,898,2,2,22,4,15,0,1,1,1,182.13
Thane West,1718,3,3,14,8,33,1,1,1,1,223.86
Bandra West,1079,2,2,16,21,28,1,0,0,1,470.74
Bandra West,431,1,1,13,31,35,1,0,0,1,204.45
Thane West,1065,2,2,20,12,27,1,0,1,1,121.94
Borivali West,511,1,2,15,7,10,1,1,1,1,104.87
Worli,506,1,1,15,1,8,0,1,0,1,208.98
Andheri West,2992,4,3,0,6,7,1,0,0,1,798.45
Powai,1064,2,1,6,14,31,1,0,1,1,240.97
Juhu,1293,3,2,25,9,18,1,0,1,1,459.22
Andheri West,1448,3,2,7,7,30,1,0,1,1,337.67
Thane West,945,2,2,4,2,16,1,0,0,1,123.99
Powai,480,1,1,19,2,13,1,1,1,1,108.1
Juhu,2513,4,4,23,1,7,1,1,1,1,847.32
Bandra West,764,2,2,5,4,4,1,0,0,1,355.95
Borivali West,2506,4,4,15,8,22,1,0,1,1,412.14
Juhu,644,1,1,17,7,9,0,0,1,1,214.66
Bandra West,589,1,1,5,4,9,0,0,1,1,264.53
Bandra West,900,2,3,19,13,14,1,0,1,1,364.24
Chembur,1219,3,2,7,1,5,1,0,0,1,232.2
Bandra West,1288,3,3,23,7,19,1,1,0,1,508.66
Chembur,1425,3,3,0,1,9,1,1,0,1,283.52
Juhu,1080,2,2,18,15,30,1,0,1,1,387.05
Powai,415,1,1,1,4,37,1,1,1,1,121.13
Thane West,1235,3,3,13,13,26,1,1,0,1,156.17
Borivali West,969,2,2,24,6,7,0,0,0,1,150.22
Powai,888,2,3,10,6,11,0,1,1,1,202.71
Vashi (Navi Mumbai),1088,2,1,18,13,13,1,1,1,1,177.43
Juhu,562,1,2,0,1,8,0,1,0,1,245.52
Worli,449,1,2,19,21,28,1,1,1,1,182.83
Juhu,837,2,2,21,10,24,1,0,1,1,293.71
Borivali West,845,2,2,18,19,38,0,0,0,1,126.97
South Mumbai,526,1,1,25,2,16,0,0,0,1,204.2
Powai,1277,3,2,9,2,7,1,1,1,1,278.29
Vashi (Navi Mumbai),504,1,2,24,13,23,1,0,0,1,70.38
Vashi (Navi Mumbai),832,2,2,24,24,35,1,1,1,1,129.6
Vashi (Navi Mumbai),642,1,1,7,1,5,1,1,1,1,119.5
Powai,939,2,3,24,16,20,0,1,0,1,179.45
Vashi (Navi Mumbai),1539,3,3,7,4,22,1,1,0,1,238.05
Bandra West,1086,2,1,6,17,20,1,1,1,1,497.46
Vashi (Navi Mumbai),477,1,1,13,3,16,0,0,0,1,63.52
Worli,616,1,1,0,20,29,0,1,1,1,301.58
Worli,861,2,2,2,29,34,1,1,1,1,389.82
South Mumbai,948,2,3,25,5,25,1,1,1,1,427.87
South Mumbai,962,2,1,15,2,7,1,1,1,1,437.2
Bandra West,1019,2,2,18,15,15,1,0,1,1,408.35
South Mumbai,1310,3,4,1,5,8,1,0,0,1,646.3
Vashi (Navi Mumbai),639,1,2,19,12,38,1,0,1,1,101.89
Worli,571,1,1,3,8,36,1,1,1,1,268.84
Borivali West,1713,3,3,8,27,30,1,0,1,1,332.3
Thane West,1588,3,2,5,13,19,1,1,0,1,231.81
Borivali West,2392,4,5,3,5,13,1,0,0,1,429.2
Vashi (Navi Mumbai),914,2,1,0,6,27,1,1,0,1,166.28
Bandra West,782,2,2,25,14,20,1,0,1,1,344.79
Vashi (Navi Mumbai),999,2,2,23,5,5,1,1,0,1,138.53
Vashi (Navi Mumbai),413,1,1,24,7,21,1,0,1,1,70.14
Vashi (Navi Mumbai),913,2,3,5,3,9,1,1,1,1,165.65
Chembur,1698,3,3,13,5,5,1,0,1,1,293.66
Andheri West,1382,3,3,22,1,5,1,1,1,1,319.13
Chembur,1739,3,3,1,1,28,1,1,0,1,360.09
Borivali West,954,2,2,7,7,18,1,0,0,1,168.88
Powai,1287,3,2,24,12,20,1,1,1,1,252.89
Worli,1783,3,3,9,11,36,0,1,1,1,763.19
Chembur,426,1,1,15,10,13,1,0,0,1,79.3
South Mumbai,494,1,1,4,16,16,0,1,1,1,241.32
South Mumbai,506,1,1,0,10,18,1,1,1,1,299.84
Borivali West,618,1,1,13,3,4,1,1,1,1,111.06
Thane West,455,1,1,1,15,17,1,1,1,1,94.24
Worli,1088,2,1,22,9,10,1,1,1,1,436.98
Thane West,417,1,1,5,14,24,0,1,1,1,73.62
Andheri West,1298,3,2,0,6,10,1,0,1,1,339.71
Vashi (Navi Mumbai),1489,3,3,0,13,21,1,0,1,1,248.12
South Mumbai,1301,3,3,0,5,38,1,0,1,1,744.6
Andheri West,1458,3,3,19,7,9,1,0,1,1,296.52
Powai,824,2,3,23,1,6,1,1,1,1,165.24
Juhu,895,2,2,18,25,25,1,0,1,1,346.31
Powai,1696,3,2,22,5,9,1,1,1,1,340.53
Powai,2949,4,4,4,2,5,1,1,1,1,598.54
South Mumbai,523,1,2,19,34,38,1,1,1,1,270.4
Andheri West,759,2,2,9,18,20,1,1,1,1,209.67
Juhu,1618,3,4,0,2,13,1,1,1,1,718.92
Vashi (Navi Mumbai),585,1,1,5,4,9,1,0,1,1,97.47
Powai,1685,3,4,0,15,39,1,1,1,1,393.37
Andheri West,934,2,2,23,9,18,1,0,0,1,223.26
Juhu,643,1,1,14,4,8,0,0,1,1,233.96
Juhu,797,2,2,25,10,15,0,0,1,1,277.37
Chembur,574,1,1,12,5,6,1,1,0,1,118.59
Vashi (Navi Mumbai),1243,3,4,12,11,15,1,1,1,1,192.97
Andheri West,625,1,1,7,13,22,1,1,0,1,164.21
Andheri West,626,1,1,6,3,15,1,1,0,1,174.11
South Mumbai,451,1,1,19,27,34,1,1,1,1,226.27
Bandra West,792,2,3,1,2,9,1,1,1,1,401.78
Bandra West,1338,3,4,2,20,23,0,1,1,1,649.7
South Mumbai,1073,2,2,3,1,4,1,1,1,1,566.82
Powai,562,1,1,17,2,11,0,1,1,1,125.14
Vashi (Navi Mumbai),1290,3,3,0,5,8,1,0,1,1,200.27
Bandra West,429,1,1,0,19,37,1,1,0,1,220.9
Chembur,1024,2,3,14,10,17,1,1,1,1,189.1
Powai,1737,3,3,3,1,23,0,1,0,1,388.37
Bandra West,1355,3,3,24,3,14,1,0,1,1,511.56
Powai,490,1,2,10,26,37,0,1,1,1,122.5
Thane West,562,1,1,20,23,37,1,1,1,1,92.96
Thane West,543,1,1,24,2,17,1,0,1,1,71.39
Bandra West,922,2,2,2,1,18,1,0,0,1,416.84
South Mumbai,1373,3,3,12,1,6,1,1,1,1,627.61
Vashi (Navi Mumbai),484,1,1,3,8,37,0,0,1,1,75.41
Vashi (Navi Mumbai),1094,2,2,25,20,20,1,1,0,1,179.94
Vashi (Navi Mumbai),835,2,2,5,15,35,1,0,1,1,133.0
Bandra West,904,2,2,2,26,39,1,0,1,1,445.52
Juhu,444,1,1,20,7,21,1,1,1,1,180.85
South Mumbai,892,2,2,21,2,7,1,0,1,1,389.03
Bandra West,815,2,2,11,8,16,1,0,0,1,346.09
Powai,565,1,1,16,7,13,1,1,1,1,135.66
Andheri West,1014,2,2,6,2,8,1,0,0,1,251.17
Juhu,1639,3,3,4,6,20,1,1,0,1,667.64
Thane West,1074,2,1,5,4,6,1,1,1,1,170.5
South Mumbai,423,1,1,0,19,19,1,0,1,1,264.04
Borivali West,1020,2,1,16,26,33,1,0,0,1,171.27
Juhu,1092,2,2,10,4,30,1,1,0,1,423.76
South Mumbai,432,1,1,11,11,28,0,0,1,1,218.32
South Mumbai,1092,2,2,8,3,9,1,0,0,1,573.67
Powai,1736,3,3,2,20,22,1,1,1,1,423.05
Bandra West,1056,2,2,17,22,27,0,0,1,1,437.4
Andheri West,1757,3,4,24,8,9,1,0,0,1,356.61
Juhu,588,1,1,25,2,5,1,1,1,1,219.62
Borivali West,599,1,1,21,3,5,1,1,0,1,110.9
Bandra West,759,2,2,19,1,33,1,0,0,1,289.9
Borivali West,457,1,2,0,2,6,1,0,0,1,90.62
South Mumbai,1653,3,4,0,19,19,1,0,0,1,867.28
Borivali West,1582,3,4,17,9,33,1,0,1,1,249.65
Juhu,762,2,2,20,29,39,1,1,1,1,295.1
Borivali West,957,2,2,16,25,29,1,1,1,1,176.76
Borivali West,863,2,1,2,33,38,1,0,1,1,176.78
Juhu,490,1,1,10,3,9,0,1,1,1,209.02
Thane West,606,1,1,12,32,38,1,1,1,1,100.18
Andheri West,1016,2,2,23,2,33,1,0,0,1,220.16
Borivali West,437,1,2,21,30,33,0,0,0,1,66.08
Chembur,590,1,1,1,20,24,1,0,0,1,123.57
Powai,465,1,1,1,4,5,0,1,1,1,121.67
Andheri West,1006,2,2,25,1,7,0,0,0,1,193.83
Bandra West,814,2,2,7,7,17,1,1,0,1,387.95
Bandra West,979,2,2,7,15,16,1,0,0,1,453.6
South Mumbai,1089,2,2,8,1,7,1,0,1,1,509.78
Borivali West,1346,3,2,25,7,12,1,1,0,1,230.94
Borivali West,615,1,1,12,15,37,0,0,1,1,114.36
South Mumbai,754,2,2,0,5,15,1,0,0,1,401.48
Powai,417,1,1,9,30,31,1,1,1,1,111.49
Worli,1229,3,3,0,7,18,1,1,1,1,576.3
Worli,1332,3,2,23,21,38,1,1,1,1,505.51
Powai,899,2,2,14,11,18,1,1,1,1,205.15
South Mumbai,955,2,2,16,5,12,1,0,1,1,430.3
Powai,933,2,2,19,3,7,1,0,1,1,179.52
Worli,943,2,1,9,10,17,1,1,1,1,432.27
Borivali West,646,1,2,19,14,15,1,1,1,1,123.82
Borivali West,441,1,1,3,6,8,1,0,1,1,85.94
South Mumbai,505,1,2,1,11,34,1,1,1,1,310.73
Worli,503,1,1,1,9,11,0,0,1,1,238.24
Chembur,929,2,2,9,34,34,1,0,0,1,187.77
Bandra West,930,2,2,5,17,26,1,0,1,1,405.68
Borivali West,960,2,1,5,11,15,1,1,0,1,187.75
Powai,1400,3,4,15,31,33,1,1,1,1,286.16
Chembur,1633,3,2,0,15,20,1,1,1,1,359.95
Powai,809,2,2,23,2,34,1,1,1,1,156.31
South Mumbai,620,1,1,13,1,31,1,1,0,1,295.94
Chembur,767,2,2,20,19,39,1,1,1,1,151.2
Andheri West,796,2,2,3,12,25,0,0,1,1,207.71
Juhu,844,2,1,9,3,5,1,1,1,1,357.32
South Mumbai,1313,3,3,15,2,5,1,1,0,1,581.07
Chembur,1759,3,4,1,2,7,1,0,1,1,355.21
Chembur,425,1,1,7,10,26,1,0,0,1,96.44
Borivali West,893,2,2,22,4,11,1,0,1,1,136.21
Vashi (Navi Mumbai),846,2,2,0,22,22,1,0,1,1,150.95
Chembur,1092,2,3,16,20,29,1,1,1,1,220.88
South Mumbai,796,2,2,24,17,36,0,1,1,1,383.64
Chembur,535,1,1,25,10,14,1,1,1,1,106.46
South Mumbai,1540,3,3,0,13,24,1,1,0,1,839.21
Worli,530,1,1,0,6,11,1,0,1,1,264.16
Borivali West,970,2,3,10,7,20,1,1,0,1,195.69
Worli,828,2,2,4,2,23,1,1,1,1,372.54
Bandra West,889,2,3,18,9,30,1,1,1,1,363.89
South Mumbai,543,1,1,17,12,29,1,1,1,1,252.63
Chembur,817,2,2,8,1,29,1,1,0,1,153.37
Andheri West,913,2,2,22,16,16,1,0,0,1,214.26
Borivali West,597,1,1,0,18,21,1,1,0,1,134.76
South Mumbai,578,1,2,10,14,19,0,1,1,1,295.73
Chembur,791,2,2,8,13,29,1,0,0,1,150.78
Thane West,794,2,2,1,14,19,1,1,1,1,136.0
Worli,1703,3,3,19,15,19,1,1,1,1,733.94
Chembur,949,2,1,19,5,12,1,0,0,1,162.2
Powai,885,2,2,19,28,35,1,0,1,1,185.57
Thane West,1099,2,2,4,2,7,1,1,1,1,172.5
Powai,483,1,1,13,4,20,1,1,1,1,126.49
South Mumbai,917,2,2,3,21,21,1,0,0,1,527.13
Powai,803,2,3,3,23,37,1,1,1,1,193.32
South Mumbai,1096,2,2,0,4,4,1,0,1,1,587.43
Borivali West,1250,3,3,0,30,35,1,0,1,1,272.84
Juhu,1066,2,2,0,1,5,1,1,0,1,441.54
South Mumbai,447,1,1,0,7,18,0,1,1,1,258.07
Bandra West,1010,2,1,16,1,8,0,0,0,1,394.06
Andheri West,425,1,1,0,17,24,0,0,1,1,120.99
Chembur,469,1,1,23,1,7,1,0,0,1,80.33
Juhu,538,1,1,10,18,22,0,1,1,1,245.28
Andheri West,759,2,2,0,2,7,1,0,1,1,191.22
Chembur,801,2,2,18,34,36,1,1,1,1,170.93
Powai,510,1,1,4,10,25,1,1,1,1,151.53
Chembur,1064,2,3,8,22,26,0,0,0,1,203.52
South Mumbai,1248,3,3,4,3,4,1,1,1,0,674.23
South Mumbai,1010,2,2,10,7,15,1,0,1,1,445.46
Worli,518,1,1,8,25,35,1,0,0,1,244.8
Borivali West,1682,3,4,0,5,9,1,0,0,1,321.13
Thane West,568,1,1,12,7,8,0,0,1,1,71.93
Powai,1670,3,4,13,7,13,1,1,1,1,337.49
Juhu,1028,2,2,1,5,5,1,0,1,1,428.71
Thane West,938,2,3,0,2,8,1,1,1,1,150.7
Juhu,487,1,2,23,7,7,1,1,0,1,186.61
Thane West,3370,4,4,25,34,36,1,1,1,1,386.8
Vashi (Navi Mumbai),599,1,1,0,13,20,1,1,1,1,121.67
Worli,1585,3,3,21,10,22,1,1,0,1,600.17
Bandra West,888,2,3,23,8,8,1,0,1,1,339.63
Chembur,473,1,1,8,1,15,1,1,1,1,113.65
Vashi (Navi Mumbai),976,2,2,23,15,34,1,1,0,1,147.01
Vashi (Navi Mumbai),971,2,3,22,4,7,1,1,1,1,139.95
Thane West,609,1,1,4,25,30,1,1,1,1,111.26
Juhu,1336,3,3,16,1,7,1,0,1,1,434.24
Vashi (Navi Mumbai),467,1,1,0,6,28,0,0,0,1,72.66
Andheri West,1437,3,3,4,1,24,0,1,0,1,336.75
Chembur,861,2,3,0,6,6,1,1,0,1,187.98
Powai,595,1,1,11,30,32,1,0,1,1,143.15
Bandra West,573,1,1,23,9,28,1,1,0,1,246.1
Powai,1064,2,1,21,10,10,1,1,1,1,229.26
Bandra West,967,2,1,21,7,7,1,0,1,1,364.93
Powai,1011,2,2,22,8,11,0,1,0,1,191.69
Worli,1575,3,3,0,12,24,0,1,1,1,725.9
South Mumbai,620,1,1,22,11,15,0,1,0,1,283.3
Powai,910,2,2,11,10,11,0,1,1,1,209.65
Borivali West,2701,4,3,11,25,35,1,1,1,1,467.19
Chembur,1650,3,4,8,16,24,1,0,1,1,335.77
Powai,934,2,1,22,12,12,1,0,1,1,195.62
Vashi (Navi Mumbai),401,1,1,7,8,21,1,0,0,1,64.27
Vashi (Navi Mumbai),1572,3,3,3,5,11,1,1,0,1,259.72
Thane West,976,2,2,13,22,31,1,1,1,1,139.4
Vashi (Navi Mumbai),572,1,1,6,9,33,1,1,0,1,105.35
Andheri West,1625,3,3,12,4,5,1,0,0,1,370.37
Powai,536,1,2,25,8,10,0,0,1,1,107.13
Vashi (Navi Mumbai),1013,2,2,2,1,15,0,0,0,1,160.58
South Mumbai,1752,3,4,12,5,8,1,1,1,1,825.14
Chembur,513,1,2,14,35,35,1,1,0,1,110.95
Bandra West,1028,2,2,24,5,15,1,1,1,1,356.99
Juhu,407,1,1,15,13,28,1,1,0,1,170.82
Vashi (Navi Mumbai),1648,3,3,7,16,39,1,0,0,1,254.12
Vashi (Navi Mumbai),1095,2,2,16,6,22,1,1,1,1,177.16
Chembur,2609,4,4,21,21,32,1,0,1,1,451.32
Powai,507,1,1,25,14,27,1,1,1,1,112.85
Bandra West,1651,3,3,10,18,36,1,1,1,1,787.78
Andheri West,406,1,1,19,2,8,0,0,1,1,96.2
South Mumbai,855,2,1,11,4,14,1,1,0,1,414.83
Bandra West,891,2,2,12,7,14,1,1,1,1,403.18
Andheri West,450,1,1,2,39,40,1,1,0,1,141.55
Vashi (Navi Mumbai),1361,3,3,6,16,23,1,1,1,1,226.89
Vashi (Navi Mumbai),994,2,1,24,3,17,0,1,0,1,139.9
Juhu,1259,3,4,0,17,35,1,0,1,1,546.68
Thane West,831,2,3,13,7,34,1,1,1,1,128.03
Worli,884,2,2,14,13,22,1,1,1,1,362.54
Thane West,996,2,2,15,1,6,0,0,0,1,119.59
Vashi (Navi Mumbai),1086,2,1,25,11,26,0,0,0,1,135.58
Thane West,772,2,1,3,14,25,1,1,0,1,126.26
Chembur,1070,2,2,0,16,40,1,0,0,1,221.67
Vashi (Navi Mumbai),483,1,1,24,31,32,0,1,1,1,84.33
Worli,1279,3,2,11,6,10,1,1,0,1,492.88
Chembur,605,1,2,4,2,6,0,0,1,1,124.42
Powai,1238,3,2,0,23,35,0,1,1,1,317.96
Juhu,1309,3,2,22,8,19,1,1,1,1,464.19
Bandra West,1076,2,2,8,3,4,0,0,1,0,416.52
South Mumbai,805,2,3,4,5,10,1,1,1,1,427.83
Borivali West,540,1,1,20,32,37,0,0,0,1,87.21
Powai,1067,2,1,0,5,5,1,1,1,1,251.74
South Mumbai,895,2,1,2,3,12,1,1,1,1,469.8
Andheri West,988,2,3,0,4,5,1,0,1,1,250.23
South Mumbai,836,2,2,24,4,18,0,1,1,1,372.87
Chembur,1037,2,2,22,36,37,1,0,0,1,177.58
Juhu,1215,3,3,0,4,14,1,1,1,1,534.09
Bandra West,547,1,1,5,18,21,0,1,1,1,267.08
Vashi (Navi Mumbai),1250,3,3,0,25,40,1,1,1,1,216.43
Andheri West,1018,2,2,6,22,23,1,0,1,1,293.11
Andheri West,480,1,1,15,17,34,1,1,1,1,134.72
Powai,2447,4,4,12,15,24,1,1,1,1,526.92
South Mumbai,1010,2,3,0,3,4,1,0,0,1,516.39
Powai,1049,2,2,16,6,10,1,1,1,1,222.74
Thane West,752,2,2,16,11,26,1,1,1,1,115.8
Chembur,1054,2,2,21,18,39,1,0,0,1,172.8
Borivali West,573,1,1,18,38,40,0,1,0,1,108.78
South Mumbai,1412,3,4,10,1,4,1,1,1,1,753.12
Worli,423,1,1,5,18,22,1,1,1,1,223.58
Borivali West,594,1,1,13,6,8,1,1,0,1,115.72
Powai,1081,2,2,14,11,27,1,1,1,1,226.07
Juhu,957,2,2,1,1,22,1,0,1,1,400.41
Chembur,563,1,1,11,13,14,0,0,0,1,98.31
Vashi (Navi Mumbai),832,2,2,12,20,20,1,1,0,1,142.17
South Mumbai,1234,3,3,11,7,16,0,1,1,1,580.1
Worli,623,1,2,11,6,6,1,1,1,1,273.58
Worli,1623,3,2,9,5,5,1,0,1,1,679.09
Juhu,806,2,1,21,13,25,1,1,1,1,303.6
South Mumbai,605,1,1,17,17,35,0,1,1,1,284.15
Powai,435,1,1,6,9,37,0,1,1,1,113.23
South Mumbai,557,1,1,19,15,31,0,1,0,1,259.62
Borivali West,1373,3,3,7,38,39,1,0,0,1,244.03
Juhu,1083,2,2,15,22,22,1,1,0,1,429.8
Thane West,605,1,1,0,7,29,1,0,0,1,94.6
Andheri West,3200,4,3,16,22,31,1,0,1,1,762.38
Thane West,894,2,1,4,1,5,1,0,1,1,134.55
Juhu,961,2,2,8,19,22,1,0,0,1,366.9
Borivali West,1076,2,2,18,5,5,1,0,1,1,183.25
Andheri West,955,2,2,20,11,40,0,0,0,1,191.2
Thane West,1019,2,2,23,1,5,1,1,1,1,146.0
Juhu,440,1,2,4,2,6,1,1,1,1,191.54
Bandra West,448,1,1,10,18,29,0,1,1,1,207.51
Borivali West,1340,3,2,0,22,28,0,0,0,1,245.37
Juhu,1588,3,4,7,5,13,1,0,0,1,592.68
Worli,875,2,1,13,2,6,1,1,1,1,392.1
Borivali West,1070,2,2,5,4,5,1,1,0,1,205.58
South Mumbai,1436,3,2,0,3,12,1,1,0,1,774.38
South Mumbai,1749,3,3,10,4,6,1,1,1,1,802.8
Powai,477,1,1,3,6,15,1,1,1,1,141.06
Chembur,2814,4,4,10,11,17,1,0,0,1,524.66
Vashi (Navi Mumbai),978,2,2,19,5,22,1,1,1,1,139.03
Vashi (Navi Mumbai),1082,2,2,9,4,5,1,0,1,1,180.39
Vashi (Navi Mumbai),1701,3,3,14,10,21,1,1,1,1,240.66
Andheri West,839,2,1,17,5,5,0,0,0,1,185.5
South Mumbai,405,1,1,0,34,40,1,0,0,1,227.04
Bandra West,609,1,1,17,3,8,1,1,1,1,268.29
Chembur,849,2,2,20,3,7,1,1,0,1,157.04
Powai,1026,2,1,10,11,14,1,1,1,1,237.84
Vashi (Navi Mumbai),508,1,1,1,7,10,0,0,1,1,80.11
Andheri West,833,2,2,14,12,13,0,0,1,1,196.67
Bandra West,840,2,2,4,13,17,1,1,1,1,389.16
Chembur,1086,2,2,13,31,38,0,0,1,1,199.75
Chembur,964,2,3,0,10,17,0,0,0,1,202.93
Chembur,804,2,3,24,8,12,1,0,0,1,140.06
Thane West,1066,2,3,12,3,24,1,1,1,1,150.06
South Mumbai,1646,3,2,25,9,29,1,1,0,1,737.16
Worli,1297,3,3,0,11,13,1,1,1,1,590.39
Bandra West,445,1,1,16,23,31,0,0,0,1,171.26
Vashi (Navi Mumbai),1099,2,2,12,1,13,1,1,0,1,165.61
Thane West,813,2,2,0,31,38,1,0,0,1,127.92
Vashi (Navi Mumbai),1006,2,2,5,1,6,1,0,1,1,148.1
Juhu,1039,2,1,7,25,33,1,0,1,1,457.51
Powai,1415,3,2,7,3,4,1,1,1,1,342.8
Chembur,752,2,2,0,26,30,1,0,1,1,184.95
Worli,1631,3,3,14,1,11,1,1,1,1,662.68
Powai,3053,4,3,21,20,21,1,0,1,1,617.76
South Mumbai,860,2,2,3,22,31,1,0,1,1,470.59
South Mumbai,451,1,1,12,3,8,0,1,1,1,222.96
Worli,1773,3,4,5,1,8,1,1,1,1,854.7
Chembur,1016,2,2,20,1,4,1,0,1,1,169.16
Powai,1750,3,3,13,18,33,1,1,1,1,386.01
Juhu,1330,3,3,21,1,6,1,1,0,1,487.51
Chembur,971,2,2,23,9,20,1,1,1,1,174.8
Andheri West,1031,2,2,12,1,8,1,0,0,1,232.3
Worli,2182,4,3,9,3,39,1,0,1,1,905.4
Powai,964,2,3,24,20,23,0,1,0,1,179.95
Chembur,477,1,1,14,4,5,1,1,1,1,110.35
South Mumbai,537,1,2,12,29,33,0,1,0,1,267.86
Bandra West,1323,3,3,3,4,6,0,1,0,1,600.37
Juhu,626,1,1,23,6,31,1,0,1,1,222.59
Worli,758,2,3,0,14,14,1,1,1,1,383.87
South Mumbai,1063,2,1,17,2,39,1,1,0,1,462.4
Powai,859,2,2,10,1,14,1,1,0,1,205.28
Andheri West,984,2,3,0,20,34,1,0,0,1,271.27
Chembur,1646,3,3,13,2,16,1,1,1,1,305.57
Thane West,932,2,1,21,11,28,1,1,1,1,126.56
Borivali West,849,2,3,5,3,18,0,1,0,1,163.82
Juhu,1079,2,1,0,18,19,1,1,0,1,517.99
Chembur,1004,2,2,23,3,7,1,0,0,1,167.35
Bandra West,807,2,1,2,14,17,1,0,1,1,410.14
Thane West,430,1,2,24,5,5,1,1,1,1,73.45
Worli,3369,4,4,2,6,8,0,1,1,1,1385.49
Thane West,1611,3,3,4,19,30,1,0,0,1,241.18
Worli,1299,3,3,5,11,36,1,1,1,1,554.4
Worli,836,2,3,1,1,4,1,1,1,1,375.86
Juhu,540,1,1,14,7,13,1,1,1,1,231.99
Juhu,1455,3,2,25,10,20,1,0,1,1,504.57
Chembur,849,2,2,11,2,4,0,1,1,1,165.97
Chembur,868,2,3,11,18,33,1,1,1,1,169.97
Vashi (Navi Mumbai),933,2,2,18,3,5,1,0,0,1,130.92
Borivali West,450,1,1,12,1,5,0,1,0,1,81.11
Borivali West,902,2,1,23,4,4,1,1,1,1,164.28
South Mumbai,1702,3,3,8,20,33,1,1,0,1,787.9
Thane West,626,1,1,19,14,32,1,1,0,1,90.27
Bandra West,1051,2,3,18,2,8,1,0,0,1,417.55
Juhu,909,2,1,0,2,5,1,1,1,1,406.64
Juhu,439,1,1,0,5,6,0,1,0,1,201.39
Powai,801,2,2,9,31,32,1,0,1,1,184.56
Thane West,1632,3,3,24,6,23,1,0,0,1,184.3
Bandra West,492,1,1,12,15,17,0,1,0,1,221.54
Chembur,506,1,1,25,24,25,1,0,1,1,97.39
Bandra West,1527,3,3,24,6,15,0,1,1,1,625.38
Powai,2898,4,4,6,3,8,1,0,1,1,594.88
Bandra West,447,1,1,8,16,17,0,1,0,1,217.96
Worli,883,2,1,12,1,20,1,1,1,1,395.39
South Mumbai,778,2,2,8,4,6,1,0,0,1,370.83
Worli,540,1,1,24,2,24,0,1,1,1,206.22
South Mumbai,1662,3,3,4,11,15,1,1,0,1,872.94
Chembur,962,2,1,19,22,33,0,0,0,1,153.6
Andheri West,642,1,2,19,4,30,1,1,1,1,163.84
Chembur,861,2,2,11,33,34,1,0,0,1,173.68
Chembur,455,1,1,8,7,15,0,0,0,1,84.11
Borivali West,906,2,3,4,5,36,1,0,0,1,147.33
Thane West,1013,2,2,13,4,5,1,0,0,1,121.74
Powai,546,1,1,19,1,19,1,1,1,1,133.61
Bandra West,800,2,1,15,2,6,1,1,1,1,355.1
Worli,816,2,2,18,7,8,1,0,1,1,301.66
Thane West,580,1,1,17,2,8,1,1,1,1,95.57
Thane West,1632,3,3,2,6,9,1,0,1,1,239.33
South Mumbai,585,1,1,7,3,6,1,1,1,1,295.39
Thane West,752,2,2,5,22,33,1,1,0,1,122.97
